Date,Year,Month,Day of Year,AQI (Raw)
2017-11-01,2017,November,305,64
2017-11-02,2017,November,306,47
2017-11-03,2017,November,307,52
2017-11-04,2017,November,308,49
2017-11-05,2017,November,309,56
2017-11-06,2017,November,310,51
2017-11-07,2017,November,311,56
2017-11-08,2017,November,312,70
2017-11-09,2017,November,313,68
2017-11-10,2017,November,314,112
2017-11-11,2017,November,315,133
2017-11-12,2017,November,316,168
2017-11-13,2017,November,317,102
2017-11-14,2017,November,318,67
2017-11-15,2017,November,319,71
2017-11-16,2017,November,320,101
2017-11-17,2017,November,321,117
2017-11-18,2017,November,322,58
2017-11-19,2017,November,323,57
2017-11-20,2017,November,324,74
2017-11-21,2017,November,325,51
2017-11-22,2017,November,326,59
2017-11-23,2017,November,327,163
2017-11-24,2017,November,328,152
2017-11-25,2017,November,329,153
2017-11-26,2017,November,330,113
2017-11-27,2017,November,331,90
2017-11-28,2017,November,332,84
2017-11-29,2017,November,333,78
2017-11-30,2017,November,334,68
2017-12-01,2017,December,335,53
2017-12-02,2017,December,336,75
2017-12-03,2017,December,337,96
2017-12-04,2017,December,338,97
2017-12-05,2017,December,339,75
2017-12-06,2017,December,340,66
2017-12-07,2017,December,341,125
2017-12-08,2017,December,342,139
2017-12-09,2017,December,343,154
2017-12-10,2017,December,344,173
2017-12-11,2017,December,345,130
2017-12-12,2017,December,346,127
2017-12-13,2017,December,347,84
2017-12-14,2017,December,348,79
2017-12-15,2017,December,349,104
2017-12-16,2017,December,350,103
2017-12-17,2017,December,351,82
2017-12-18,2017,December,352,90
2017-12-19,2017,December,353,86
2017-12-20,2017,December,354,80
2017-12-21,2017,December,355,92
2017-12-22,2017,December,356,110
2017-12-23,2017,December,357,77
2017-12-24,2017,December,358,93
2017-12-25,2017,December,359,101
2017-12-26,2017,December,360,132
2017-12-27,2017,December,361,188
2017-12-28,2017,December,362,130
2017-12-29,2017,December,363,92
2017-12-30,2017,December,364,121
2017-12-31,2017,December,365,72
2018-01-01,2018,January,1,93
2018-01-02,2018,January,2,100
2018-01-03,2018,January,3,81
2018-01-04,2018,January,4,169
2018-01-05,2018,January,5,153
2018-01-06,2018,January,6,157
2018-01-07,2018,January,7,123
2018-01-08,2018,January,8,128
2018-01-09,2018,January,9,107
2018-01-10,2018,January,10,108
2018-01-11,2018,January,11,178
2018-01-12,2018,January,12,158
2018-01-13,2018,January,13,217
2018-01-14,2018,January,14,154
2018-01-15,2018,January,15,135
2018-01-16,2018,January,16,135
2018-01-17,2018,January,17,161
2018-01-18,2018,January,18,110
2018-01-19,2018,January,19,143
2018-01-20,2018,January,20,129
2018-01-21,2018,January,21,166
2018-01-22,2018,January,22,150
2018-01-23,2018,January,23,139
2018-01-24,2018,January,24,130
2018-01-25,2018,January,25,176
2018-01-26,2018,January,26,158
2018-01-27,2018,January,27,165
2018-01-28,2018,January,28,154
2018-01-29,2018,January,29,145
2018-01-30,2018,January,30,128
2018-01-31,2018,January,31,150
2018-02-01,2018,February,32,134
2018-02-02,2018,February,33,162
2018-02-03,2018,February,34,146
2018-02-04,2018,February,35,91
2018-02-05,2018,February,36,75
2018-02-06,2018,February,37,80
2018-02-07,2018,February,38,68
2018-02-08,2018,February,39,68
2018-02-09,2018,February,40,103
2018-02-10,2018,February,41,80
2018-02-11,2018,February,42,131
2018-02-12,2018,February,43,82
2018-02-13,2018,February,44,136
2018-02-14,2018,February,45,124
2018-02-15,2018,February,46,104
2018-02-16,2018,February,47,120
2018-02-17,2018,February,48,105
2018-02-18,2018,February,49,131
2018-02-19,2018,February,50,150
2018-02-20,2018,February,51,116
2018-02-21,2018,February,52,160
2018-02-22,2018,February,53,119
2018-02-23,2018,February,54,94
2018-02-24,2018,February,55,87
2018-02-25,2018,February,56,58
2018-02-26,2018,February,57,79
2018-02-27,2018,February,58,117
2018-02-28,2018,February,59,164
2018-03-01,2018,March,60,142
2018-03-02,2018,March,61,107
2018-03-03,2018,March,62,104
2018-03-04,2018,March,63,123
2018-03-05,2018,March,64,88
2018-03-06,2018,March,65,73
2018-03-07,2018,March,66,117
2018-03-08,2018,March,67,170
2018-03-09,2018,March,68,110
2018-03-10,2018,March,69,141
2018-03-11,2018,March,70,124
2018-03-12,2018,March,71,74
2018-03-13,2018,March,72,100
2018-03-14,2018,March,73,66
2018-03-15,2018,March,74,64
2018-03-16,2018,March,75,107
2018-03-17,2018,March,76,67
2018-03-18,2018,March,77,101
2018-03-19,2018,March,78,91
2018-03-20,2018,March,79,119
2018-03-21,2018,March,80,107
2018-03-22,2018,March,81,79
2018-03-23,2018,March,82,100
2018-03-24,2018,March,83,112
2018-03-25,2018,March,84,96
2018-03-26,2018,March,85,100
2018-03-27,2018,March,86,97
2018-03-28,2018,March,87,67
2018-03-29,2018,March,88,47
2018-03-30,2018,March,89,69
2018-03-31,2018,March,90,78
2018-04-01,2018,April,91,84
2018-04-02,2018,April,92,67
2018-04-03,2018,April,93,62
2018-04-04,2018,April,94,68
2018-04-05,2018,April,95,82
2018-04-06,2018,April,96,104
2018-04-07,2018,April,97,82
2018-04-08,2018,April,98,58
2018-04-09,2018,April,99,73
2018-04-10,2018,April,100,53
2018-04-11,2018,April,101,71
2018-04-12,2018,April,102,64
2018-04-13,2018,April,103,58
2018-04-14,2018,April,104,57
2018-04-15,2018,April,105,42
2018-04-16,2018,April,106,52
2018-04-17,2018,April,107,58
2018-04-18,2018,April,108,54
2018-04-19,2018,April,109,72
2018-04-20,2018,April,110,58
2018-04-21,2018,April,111,70
2018-04-22,2018,April,112,52
2018-04-23,2018,April,113,70
2018-04-24,2018,April,114,90
2018-04-25,2018,April,115,76
2018-04-26,2018,April,116,76
2018-04-27,2018,April,117,82
2018-04-28,2018,April,118,54
2018-04-29,2018,April,119,55
2018-04-30,2018,April,120,73
2018-05-01,2018,May,121,118
2018-05-02,2018,May,122,132
2018-05-03,2018,May,123,119
2018-05-04,2018,May,124,148
2018-05-05,2018,May,125,110
2018-05-06,2018,May,126,68
2018-05-07,2018,May,127,86
2018-05-08,2018,May,128,68
2018-05-09,2018,May,129,63
2018-05-10,2018,May,130,56
2018-05-11,2018,May,131,55
2018-05-12,2018,May,132,58
2018-05-13,2018,May,133,60
2018-05-14,2018,May,134,60
2018-05-15,2018,May,135,60
2018-05-16,2018,May,136,67
2018-05-17,2018,May,137,61
2018-05-18,2018,May,138,70
2018-05-19,2018,May,139,78
2018-05-20,2018,May,140,67
2018-05-21,2018,May,141,66
2018-05-22,2018,May,142,99
2018-05-23,2018,May,143,88
2018-05-24,2018,May,144,63
2018-05-25,2018,May,145,61
2018-05-26,2018,May,146,68
2018-05-27,2018,May,147,84
2018-05-28,2018,May,148,84
2018-05-29,2018,May,149,92
2018-05-30,2018,May,150,74
2018-05-31,2018,May,151,96
2018-06-01,2018,June,152,108
2018-06-02,2018,June,153,132
2018-06-03,2018,June,154,86
2018-06-04,2018,June,155,88
2018-06-05,2018,June,156,90
2018-06-06,2018,June,157,72
2018-06-07,2018,June,158,57
2018-06-08,2018,June,159,74
2018-06-09,2018,June,160,70
2018-06-10,2018,June,161,64
2018-06-11,2018,June,162,71
2018-06-12,2018,June,163,90
2018-06-13,2018,June,164,81
2018-06-14,2018,June,165,90
2018-06-15,2018,June,166,97
2018-06-16,2018,June,167,116
2018-06-17,2018,June,168,89
2018-06-18,2018,June,169,102
2018-06-19,2018,June,170,94
2018-06-20,2018,June,171,104
2018-06-21,2018,June,172,116
2018-06-22,2018,June,173,114
2018-06-23,2018,June,174,104
2018-06-24,2018,June,175,108
2018-06-25,2018,June,176,112
2018-06-26,2018,June,177,130
2018-06-27,2018,June,178,112
2018-06-28,2018,June,179,122
2018-06-29,2018,June,180,102
2018-06-30,2018,June,181,148
2018-07-01,2018,July,182,150
2018-07-02,2018,July,183,148
2018-07-03,2018,July,184,164
2018-07-04,2018,July,185,98
2018-07-05,2018,July,186,96
2018-07-06,2018,July,187,148
2018-07-07,2018,July,188,130
2018-07-08,2018,July,189,81
2018-07-09,2018,July,190,127
2018-07-10,2018,July,191,109
2018-07-11,2018,July,192,98
2018-07-12,2018,July,193,70
2018-07-13,2018,July,194,98
2018-07-14,2018,July,195,62
2018-07-15,2018,July,196,118
2018-07-16,2018,July,197,84
2018-07-17,2018,July,198,72
2018-07-18,2018,July,199,62
2018-07-19,2018,July,200,92
2018-07-20,2018,July,201,70
2018-07-21,2018,July,202,76
2018-07-22,2018,July,203,92
2018-07-23,2018,July,204,112
2018-07-24,2018,July,205,99
2018-07-25,2018,July,206,62
2018-07-26,2018,July,207,66
2018-07-27,2018,July,208,58
2018-07-28,2018,July,209,102
2018-07-29,2018,July,210,108
2018-07-30,2018,July,211,76
2018-07-31,2018,July,212,104
2018-08-01,2018,August,213,114
2018-08-02,2018,August,214,86
2018-08-03,2018,August,215,86
2018-08-04,2018,August,216,94
2018-08-05,2018,August,217,108
2018-08-06,2018,August,218,110
2018-08-07,2018,August,219,98
2018-08-08,2018,August,220,59
2018-08-09,2018,August,221,46
2018-08-10,2018,August,222,71
2018-08-11,2018,August,223,70
2018-08-12,2018,August,224,46
2018-08-13,2018,August,225,54
2018-08-14,2018,August,226,77
2018-08-15,2018,August,227,58
2018-08-16,2018,August,228,42
2018-08-17,2018,August,229,63
2018-08-18,2018,August,230,181
2018-08-19,2018,August,231,92
2018-08-20,2018,August,232,118
2018-08-21,2018,August,233,237
2018-08-22,2018,August,234,132
2018-08-23,2018,August,235,69
2018-08-24,2018,August,236,66
2018-08-25,2018,August,237,106
2018-08-26,2018,August,238,76
2018-08-27,2018,August,239,56
2018-08-28,2018,August,240,51
2018-08-29,2018,August,241,59
2018-08-30,2018,August,242,73
2018-08-31,2018,August,243,69
2018-09-01,2018,September,244,62
2018-09-02,2018,September,245,83
2018-09-03,2018,September,246,68
2018-09-04,2018,September,247,67
2018-09-05,2018,September,248,112
2018-09-06,2018,September,249,107
2018-09-07,2018,September,250,102
2018-09-08,2018,September,251,102
2018-09-09,2018,September,252,81
2018-09-10,2018,September,253,73
2018-09-11,2018,September,254,83
2018-09-12,2018,September,255,
2018-09-13,2018,September,256,
2018-09-14,2018,September,257,
2018-09-15,2018,September,258,166
2018-09-16,2018,September,259,80
2018-09-17,2018,September,260,48
2018-09-18,2018,September,261,94
2018-09-19,2018,September,262,49
2018-09-20,2018,September,263,88
2018-09-21,2018,September,264,100
2018-09-22,2018,September,265,99
2018-09-23,2018,September,266,74
2018-09-24,2018,September,267,58
2018-09-25,2018,September,268,58
2018-09-26,2018,September,269,60
2018-09-27,2018,September,270,67
2018-09-28,2018,September,271,46
2018-09-29,2018,September,272,44
2018-09-30,2018,September,273,81
2018-10-01,2018,October,274,62
2018-10-02,2018,October,275,63
2018-10-03,2018,October,276,47
2018-10-04,2018,October,277,61
2018-10-05,2018,October,278,55
2018-10-06,2018,October,279,48
2018-10-07,2018,October,280,49
2018-10-08,2018,October,281,64
2018-10-09,2018,October,282,98
2018-10-10,2018,October,283,138
2018-10-11,2018,October,284,150
2018-10-12,2018,October,285,88
2018-10-13,2018,October,286,72
2018-10-14,2018,October,287,60
2018-10-15,2018,October,288,65
2018-10-16,2018,October,289,70
2018-10-17,2018,October,290,60
2018-10-18,2018,October,291,50
2018-10-19,2018,October,292,148
2018-10-20,2018,October,293,122
2018-10-21,2018,October,294,132
2018-10-22,2018,October,295,125
2018-10-23,2018,October,296,146
2018-10-24,2018,October,297,169
2018-10-25,2018,October,298,140
2018-10-26,2018,October,299,141
2018-10-27,2018,October,300,128
2018-10-28,2018,October,301,116
2018-10-29,2018,October,302,131
2018-10-30,2018,October,303,74
2018-10-31,2018,October,304,55
2018-11-01,2018,November,305,48
2018-11-02,2018,November,306,75
2018-11-03,2018,November,307,45
2018-11-04,2018,November,308,95
2018-11-05,2018,November,309,66
2018-11-06,2018,November,310,64
2018-11-07,2018,November,311,121
2018-11-08,2018,November,312,105
2018-11-09,2018,November,313,146
2018-11-10,2018,November,314,134
2018-11-11,2018,November,315,141
2018-11-12,2018,November,316,174
2018-11-13,2018,November,317,244
2018-11-14,2018,November,318,185
2018-11-15,2018,November,319,122
2018-11-16,2018,November,320,54
2018-11-17,2018,November,321,52
2018-11-18,2018,November,322,60
2018-11-19,2018,November,323,56
2018-11-20,2018,November,324,79
2018-11-21,2018,November,325,53
2018-11-22,2018,November,326,52
2018-11-23,2018,November,327,56
2018-11-24,2018,November,328,210
2018-11-25,2018,November,329,224
2018-11-26,2018,November,330,186
2018-11-27,2018,November,331,134
2018-11-28,2018,November,332,122
2018-11-29,2018,November,333,84
2018-11-30,2018,November,334,87
2018-12-01,2018,December,335,98
2018-12-02,2018,December,336,56
2018-12-03,2018,December,337,56
2018-12-04,2018,December,338,54
2018-12-05,2018,December,339,61
2018-12-06,2018,December,340,68
2018-12-07,2018,December,341,142
2018-12-08,2018,December,342,238
2018-12-09,2018,December,343,222
2018-12-10,2018,December,344,221
2018-12-11,2018,December,345,185
2018-12-12,2018,December,346,185
2018-12-13,2018,December,347,132
2018-12-14,2018,December,348,80
2018-12-15,2018,December,349,171
2018-12-16,2018,December,350,133
2018-12-17,2018,December,351,89
2018-12-18,2018,December,352,159
2018-12-19,2018,December,353,71
2018-12-20,2018,December,354,70
2018-12-21,2018,December,355,76
2018-12-22,2018,December,356,90
2018-12-23,2018,December,357,105
2018-12-24,2018,December,358,125
2018-12-25,2018,December,359,148
2018-12-26,2018,December,360,200
2018-12-27,2018,December,361,77
2018-12-28,2018,December,362,112
2018-12-29,2018,December,363,188
2018-12-30,2018,December,364,156
2018-12-31,2018,December,365,120
2019-01-01,2019,January,1,175
2019-01-02,2019,January,2,81
2019-01-03,2019,January,3,184
2019-01-04,2019,January,4,203
2019-01-05,2019,January,5,112
2019-01-06,2019,January,6,193
2019-01-07,2019,January,7,148
2019-01-08,2019,January,8,81
2019-01-09,2019,January,9,212
2019-01-10,2019,January,10,172
2019-01-11,2019,January,11,178
2019-01-12,2019,January,12,158
2019-01-13,2019,January,13,89
2019-01-14,2019,January,14,122
2019-01-15,2019,January,15,102
2019-01-16,2019,January,16,96
2019-01-17,2019,January,17,107
2019-01-18,2019,January,18,135
2019-01-19,2019,January,19,104
2019-01-20,2019,January,20,64
2019-01-21,2019,January,21,98
2019-01-22,2019,January,22,171
2019-01-23,2019,January,23,58
2019-01-24,2019,January,24,94
2019-01-25,2019,January,25,53
2019-01-26,2019,January,26,45
2019-01-27,2019,January,27,42
2019-01-28,2019,January,28,39
2019-01-29,2019,January,29,46
2019-01-30,2019,January,30,72
2019-01-31,2019,January,31,127
2019-02-01,2019,February,32,100
2019-02-02,2019,February,33,90
2019-02-03,2019,February,34,52
2019-02-04,2019,February,35,88
2019-02-05,2019,February,36,98
2019-02-06,2019,February,37,125
2019-02-07,2019,February,38,115
2019-02-08,2019,February,39,67
2019-02-09,2019,February,40,53
2019-02-10,2019,February,41,48
2019-02-11,2019,February,42,58
2019-02-12,2019,February,43,68
2019-02-13,2019,February,44,154
2019-02-14,2019,February,45,182
2019-02-15,2019,February,46,74
2019-02-16,2019,February,47,75
2019-02-17,2019,February,48,89
2019-02-18,2019,February,49,67
2019-02-19,2019,February,50,48
2019-02-20,2019,February,51,47
2019-02-21,2019,February,52,63
2019-02-22,2019,February,53,85
2019-02-23,2019,February,54,69
2019-02-24,2019,February,55,80
2019-02-25,2019,February,56,83
2019-02-26,2019,February,57,185
2019-02-27,2019,February,58,48
2019-02-28,2019,February,59,105
2019-03-01,2019,March,60,68
2019-03-02,2019,March,61,165
2019-03-03,2019,March,62,74
2019-03-04,2019,March,63,76
2019-03-05,2019,March,64,89
2019-03-06,2019,March,65,103
2019-03-07,2019,March,66,86
2019-03-08,2019,March,67,73
2019-03-09,2019,March,68,78
2019-03-10,2019,March,69,68
2019-03-11,2019,March,70,60
2019-03-12,2019,March,71,82
2019-03-13,2019,March,72,129
2019-03-14,2019,March,73,132
2019-03-15,2019,March,74,101
2019-03-16,2019,March,75,86
2019-03-17,2019,March,76,104
2019-03-18,2019,March,77,70
2019-03-19,2019,March,78,85
2019-03-20,2019,March,79,105
2019-03-21,2019,March,80,117
2019-03-22,2019,March,81,84
2019-03-23,2019,March,82,80
2019-03-24,2019,March,83,73
2019-03-25,2019,March,84,68
2019-03-26,2019,March,85,78
2019-03-27,2019,March,86,66
2019-03-28,2019,March,87,73
2019-03-29,2019,March,88,84
2019-03-30,2019,March,89,76
2019-03-31,2019,March,90,112
2019-04-01,2019,April,91,119
2019-04-02,2019,April,92,94
2019-04-03,2019,April,93,116
2019-04-04,2019,April,94,62
2019-04-05,2019,April,95,79
2019-04-06,2019,April,96,77
2019-04-07,2019,April,97,71
2019-04-08,2019,April,98,76
2019-04-09,2019,April,99,96
2019-04-10,2019,April,100,70
2019-04-11,2019,April,101,118
2019-04-12,2019,April,102,67
2019-04-13,2019,April,103,64
2019-04-14,2019,April,104,54
2019-04-15,2019,April,105,53
2019-04-16,2019,April,106,51
2019-04-17,2019,April,107,50
2019-04-18,2019,April,108,44
2019-04-19,2019,April,109,50
2019-04-20,2019,April,110,63
2019-04-21,2019,April,111,72
2019-04-22,2019,April,112,44
2019-04-23,2019,April,113,50
2019-04-24,2019,April,114,53
2019-04-25,2019,April,115,63
2019-04-26,2019,April,116,60
2019-04-27,2019,April,117,54
2019-04-28,2019,April,118,55
2019-04-29,2019,April,119,56
2019-04-30,2019,April,120,59
2019-05-01,2019,May,121,72
2019-05-02,2019,May,122,66
2019-05-03,2019,May,123,65
2019-05-04,2019,May,124,68
2019-05-05,2019,May,125,70
2019-05-06,2019,May,126,66
2019-05-07,2019,May,127,73
2019-05-08,2019,May,128,67
2019-05-09,2019,May,129,66
2019-05-10,2019,May,130,62
2019-05-11,2019,May,131,134
2019-05-12,2019,May,132,130
2019-05-13,2019,May,133,46
2019-05-14,2019,May,134,156
2019-05-15,2019,May,135,111
2019-05-16,2019,May,136,110
2019-05-17,2019,May,137,92
2019-05-18,2019,May,138,87
2019-05-19,2019,May,139,70
2019-05-20,2019,May,140,57
2019-05-21,2019,May,141,59
2019-05-22,2019,May,142,72
2019-05-23,2019,May,143,71
2019-05-24,2019,May,144,104
2019-05-25,2019,May,145,102
2019-05-26,2019,May,146,106
2019-05-27,2019,May,147,92
2019-05-28,2019,May,148,119
2019-05-29,2019,May,149,124
2019-05-30,2019,May,150,106
2019-05-31,2019,May,151,112
2019-06-01,2019,June,152,165
2019-06-02,2019,June,153,158
2019-06-03,2019,June,154,121
2019-06-04,2019,June,155,140
2019-06-05,2019,June,156,136
2019-06-06,2019,June,157,106
2019-06-07,2019,June,158,75
2019-06-08,2019,June,159,57
2019-06-09,2019,June,160,86
2019-06-10,2019,June,161,100
2019-06-11,2019,June,162,70
2019-06-12,2019,June,163,86
2019-06-13,2019,June,164,85
2019-06-14,2019,June,165,119
2019-06-15,2019,June,166,78
2019-06-16,2019,June,167,91
2019-06-17,2019,June,168,93
2019-06-18,2019,June,169,
2019-06-19,2019,June,170,80
2019-06-20,2019,June,171,86
2019-06-21,2019,June,172,65
2019-06-22,2019,June,173,78
2019-06-23,2019,June,174,80
2019-06-24,2019,June,175,83
2019-06-25,2019,June,176,105
2019-06-26,2019,June,177,48
2019-06-27,2019,June,178,56
2019-06-28,2019,June,179,48
2019-06-29,2019,June,180,42
2019-06-30,2019,June,181,85
2019-07-01,2019,July,182,50
2019-07-02,2019,July,183,56
2019-07-03,2019,July,184,144
2019-07-04,2019,July,185,87
2019-07-05,2019,July,186,133
2019-07-06,2019,July,187,48
2019-07-07,2019,July,188,61
2019-07-08,2019,July,189,97
2019-07-09,2019,July,190,92
2019-07-10,2019,July,191,65
2019-07-11,2019,July,192,66
2019-07-12,2019,July,193,65
2019-07-13,2019,July,194,77
2019-07-14,2019,July,195,75
2019-07-15,2019,July,196,78
2019-07-16,2019,July,197,71
2019-07-17,2019,July,198,70
2019-07-18,2019,July,199,92
2019-07-19,2019,July,200,60
2019-07-20,2019,July,201,75
2019-07-21,2019,July,202,58
2019-07-22,2019,July,203,43
2019-07-23,2019,July,204,49
2019-07-24,2019,July,205,60
2019-07-25,2019,July,206,63
2019-07-26,2019,July,207,50
2019-07-27,2019,July,208,50
2019-07-28,2019,July,209,62
2019-07-29,2019,July,210,66
2019-07-30,2019,July,211,78
2019-07-31,2019,July,212,86
2019-08-01,2019,August,213,97
2019-08-02,2019,August,214,86
2019-08-03,2019,August,215,84
2019-08-04,2019,August,216,91
2019-08-05,2019,August,217,77
2019-08-06,2019,August,218,89
2019-08-07,2019,August,219,61
2019-08-08,2019,August,220,107
2019-08-09,2019,August,221,59
2019-08-10,2019,August,222,65
2019-08-11,2019,August,223,35
2019-08-12,2019,August,224,48
2019-08-13,2019,August,225,40
2019-08-14,2019,August,226,100
2019-08-15,2019,August,227,65
2019-08-16,2019,August,228,50
2019-08-17,2019,August,229,59
2019-08-18,2019,August,230,44
2019-08-19,2019,August,231,44
2019-08-20,2019,August,232,51
2019-08-21,2019,August,233,52
2019-08-22,2019,August,234,75
2019-08-23,2019,August,235,47
2019-08-24,2019,August,236,45
2019-08-25,2019,August,237,40
2019-08-26,2019,August,238,50
2019-08-27,2019,August,239,42
2019-08-28,2019,August,240,82
2019-08-29,2019,August,241,44
2019-08-30,2019,August,242,74
2019-08-31,2019,August,243,118
2019-09-01,2019,September,244,77
2019-09-02,2019,September,245,76
2019-09-03,2019,September,246,74
2019-09-04,2019,September,247,94
2019-09-05,2019,September,248,53
2019-09-06,2019,September,249,58
2019-09-07,2019,September,250,77
2019-09-08,2019,September,251,61
2019-09-09,2019,September,252,75
2019-09-10,2019,September,253,108
2019-09-11,2019,September,254,105
2019-09-12,2019,September,255,88
2019-09-13,2019,September,256,56
2019-09-14,2019,September,257,73
2019-09-15,2019,September,258,67
2019-09-16,2019,September,259,77
2019-09-17,2019,September,260,83
2019-09-18,2019,September,261,76
2019-09-19,2019,September,262,83
2019-09-20,2019,September,263,93
2019-09-21,2019,September,264,76
2019-09-22,2019,September,265,100
2019-09-23,2019,September,266,132
2019-09-24,2019,September,267,118
2019-09-25,2019,September,268,69
2019-09-26,2019,September,269,61
2019-09-27,2019,September,270,85
2019-09-28,2019,September,271,96
2019-09-29,2019,September,272,79
2019-09-30,2019,September,273,100
2019-10-01,2019,October,274,86
2019-10-02,2019,October,275,99
2019-10-03,2019,October,276,84
2019-10-04,2019,October,277,71
2019-10-05,2019,October,278,80
2019-10-06,2019,October,279,88
2019-10-07,2019,October,280,50
2019-10-08,2019,October,281,80
2019-10-09,2019,October,282,85
2019-10-10,2019,October,283,84
2019-10-11,2019,October,284,69
2019-10-12,2019,October,285,73
2019-10-13,2019,October,286,78
2019-10-14,2019,October,287,41
2019-10-15,2019,October,288,65
2019-10-16,2019,October,289,48
2019-10-17,2019,October,290,54
2019-10-18,2019,October,291,76
2019-10-19,2019,October,292,72
2019-10-20,2019,October,293,68
2019-10-21,2019,October,294,67
2019-10-22,2019,October,295,58
2019-10-23,2019,October,296,81
2019-10-24,2019,October,297,58
2019-10-25,2019,October,298,82
2019-10-26,2019,October,299,124
2019-10-27,2019,October,300,260
2019-10-28,2019,October,301,129
2019-10-29,2019,October,302,74
2019-10-30,2019,October,303,59
2019-10-31,2019,October,304,138
2019-11-01,2019,November,305,100
2019-11-02,2019,November,306,56
2019-11-03,2019,November,307,107
2019-11-04,2019,November,308,262
2019-11-05,2019,November,309,237
2019-11-06,2019,November,310,224
2019-11-07,2019,November,311,272
2019-11-08,2019,November,312,288
2019-11-09,2019,November,313,218
2019-11-10,2019,November,314,234
2019-11-11,2019,November,315,184
2019-11-12,2019,November,316,65
2019-11-13,2019,November,317,64
2019-11-14,2019,November,318,42
2019-11-15,2019,November,319,76
2019-11-16,2019,November,320,66
2019-11-17,2019,November,321,103
2019-11-18,2019,November,322,78
2019-11-19,2019,November,323,54
2019-11-20,2019,November,324,35
2019-11-21,2019,November,325,51
2019-11-22,2019,November,326,56
2019-11-23,2019,November,327,69
2019-11-24,2019,November,328,130
2019-11-25,2019,November,329,87
2019-11-26,2019,November,330,97
2019-11-27,2019,November,331,75
2019-11-28,2019,November,332,61
2019-11-29,2019,November,333,45
2019-11-30,2019,November,334,48
2019-12-01,2019,December,335,45
2019-12-02,2019,December,336,36
2019-12-03,2019,December,337,58
2019-12-04,2019,December,338,71
2019-12-05,2019,December,339,109
2019-12-06,2019,December,340,96
2019-12-07,2019,December,341,74
2019-12-08,2019,December,342,72
2019-12-09,2019,December,343,54
2019-12-10,2019,December,344,56
2019-12-11,2019,December,345,69
2019-12-12,2019,December,346,52
2019-12-13,2019,December,347,56
2019-12-14,2019,December,348,61
2019-12-15,2019,December,349,69
2019-12-16,2019,December,350,60
2019-12-17,2019,December,351,66
2019-12-18,2019,December,352,100
2019-12-19,2019,December,353,82
2019-12-20,2019,December,354,111
2019-12-21,2019,December,355,137
2019-12-22,2019,December,356,122
2019-12-23,2019,December,357,93
2019-12-24,2019,December,358,96
2019-12-25,2019,December,359,102
2019-12-26,2019,December,360,132
2019-12-27,2019,December,361,61
2019-12-28,2019,December,362,58
2019-12-29,2019,December,363,106
2019-12-30,2019,December,364,76
2019-12-31,2019,December,365,87
2020-01-01,2020,January,1,64
2020-01-02,2020,January,2,57
2020-01-03,2020,January,3,69
2020-01-04,2020,January,4,47
2020-01-05,2020,January,5,60
2020-01-06,2020,January,6,52
2020-01-07,2020,January,7,47
2020-01-08,2020,January,8,78
2020-01-09,2020,January,9,77
2020-01-10,2020,January,10,73
2020-01-11,2020,January,11,70
2020-01-12,2020,January,12,89
2020-01-13,2020,January,13,158
2020-01-14,2020,January,14,170
2020-01-15,2020,January,15,102
2020-01-16,2020,January,16,54
2020-01-17,2020,January,17,71
2020-01-18,2020,January,18,52
2020-01-19,2020,January,19,73
2020-01-20,2020,January,20,72
2020-01-21,2020,January,21,88
2020-01-22,2020,January,22,86
2020-01-23,2020,January,23,110
2020-01-24,2020,January,24,127
2020-01-25,2020,January,25,98
2020-01-26,2020,January,26,74
2020-01-27,2020,January,27,77
2020-01-28,2020,January,28,93
2020-01-29,2020,January,29,79
2020-01-30,2020,January,30,86
2020-01-31,2020,January,31,75
2020-02-01,2020,February,32,61
2020-02-02,2020,February,33,50
2020-02-03,2020,February,34,76
2020-02-04,2020,February,35,76
2020-02-05,2020,February,36,85
2020-02-06,2020,February,37,86
2020-02-07,2020,February,38,71
2020-02-08,2020,February,39,54
2020-02-09,2020,February,40,60
2020-02-10,2020,February,41,58
2020-02-11,2020,February,42,64
2020-02-12,2020,February,43,70
2020-02-13,2020,February,44,96
2020-02-14,2020,February,45,130
2020-02-15,2020,February,46,139
2020-02-16,2020,February,47,76
2020-02-17,2020,February,48,62
2020-02-18,2020,February,49,83
2020-02-19,2020,February,50,84
2020-02-20,2020,February,51,75
2020-02-21,2020,February,52,85
2020-02-22,2020,February,53,62
2020-02-23,2020,February,54,56
2020-02-24,2020,February,55,72
2020-02-25,2020,February,56,76
2020-02-26,2020,February,57,78
2020-02-27,2020,February,58,82
2020-02-28,2020,February,59,70
2020-02-29,2020,February,60,
2020-03-01,2020,March,61,66
2020-03-02,2020,March,62,89
2020-03-03,2020,March,63,97
2020-03-04,2020,March,64,79
2020-03-05,2020,March,65,68
2020-03-06,2020,March,66,52
2020-03-07,2020,March,67,63
2020-03-08,2020,March,68,45
2020-03-09,2020,March,69,58
2020-03-10,2020,March,70,38
2020-03-11,2020,March,71,54
2020-03-12,2020,March,72,53
2020-03-13,2020,March,73,59
2020-03-14,2020,March,74,71
2020-03-15,2020,March,75,69
2020-03-16,2020,March,76,59
2020-03-17,2020,March,77,80
2020-03-18,2020,March,78,72
2020-03-19,2020,March,79,68
2020-03-20,2020,March,80,66
2020-03-21,2020,March,81,70
2020-03-22,2020,March,82,64
2020-03-23,2020,March,83,65
2020-03-24,2020,March,84,52
2020-03-25,2020,March,85,46
2020-03-26,2020,March,86,56
2020-03-27,2020,March,87,48
2020-03-28,2020,March,88,57
2020-03-29,2020,March,89,46
2020-03-30,2020,March,90,52
2020-03-31,2020,March,91,54
2020-04-01,2020,April,92,61
2020-04-02,2020,April,93,62
2020-04-03,2020,April,94,56
2020-04-04,2020,April,95,55
2020-04-05,2020,April,96,55
2020-04-06,2020,April,97,46
2020-04-07,2020,April,98,40
2020-04-08,2020,April,99,44
2020-04-09,2020,April,100,42
2020-04-10,2020,April,101,62
2020-04-11,2020,April,102,43
2020-04-12,2020,April,103,44
2020-04-13,2020,April,104,44
2020-04-14,2020,April,105,46
2020-04-15,2020,April,106,42
2020-04-16,2020,April,107,50
2020-04-17,2020,April,108,43
2020-04-18,2020,April,109,40
2020-04-19,2020,April,110,44
2020-04-20,2020,April,111,39
2020-04-21,2020,April,112,44
2020-04-22,2020,April,113,44
2020-04-23,2020,April,114,40
2020-04-24,2020,April,115,44
2020-04-25,2020,April,116,45
2020-04-26,2020,April,117,44
2020-04-27,2020,April,118,48
2020-04-28,2020,April,119,49
2020-04-29,2020,April,120,54
2020-04-30,2020,April,121,49
2020-05-01,2020,May,122,60
2020-05-02,2020,May,123,51
2020-05-03,2020,May,124,51
2020-05-04,2020,May,125,45
2020-05-05,2020,May,126,52
2020-05-06,2020,May,127,51
2020-05-07,2020,May,128,51
2020-05-08,2020,May,129,51
2020-05-09,2020,May,130,48
2020-05-10,2020,May,131,54
2020-05-11,2020,May,132,45
2020-05-12,2020,May,133,48
2020-05-13,2020,May,134,50
2020-05-14,2020,May,135,50
2020-05-15,2020,May,136,52
2020-05-16,2020,May,137,65
2020-05-17,2020,May,138,51
2020-05-18,2020,May,139,61
2020-05-19,2020,May,140,63
2020-05-20,2020,May,141,64
2020-05-21,2020,May,142,65
2020-05-22,2020,May,143,81
2020-05-23,2020,May,144,64
2020-05-24,2020,May,145,67
2020-05-25,2020,May,146,62
2020-05-26,2020,May,147,67
2020-05-27,2020,May,148,58
2020-05-28,2020,May,149,62
2020-05-29,2020,May,150,97
2020-05-30,2020,May,151,86
2020-05-31,2020,May,152,68
2020-06-01,2020,June,153,92
2020-06-02,2020,June,154,77
2020-06-03,2020,June,155,66
2020-06-04,2020,June,156,67
2020-06-05,2020,June,157,69
2020-06-06,2020,June,158,71
2020-06-07,2020,June,159,88
2020-06-08,2020,June,160,68
2020-06-09,2020,June,161,70
2020-06-10,2020,June,162,70
2020-06-11,2020,June,163,78
2020-06-12,2020,June,164,112
2020-06-13,2020,June,165,60
2020-06-14,2020,June,166,61
2020-06-15,2020,June,167,61
2020-06-16,2020,June,168,72
2020-06-17,2020,June,169,84
2020-06-18,2020,June,170,80
2020-06-19,2020,June,171,104
2020-06-20,2020,June,172,110
2020-06-21,2020,June,173,88
2020-06-22,2020,June,174,100
2020-06-23,2020,June,175,82
2020-06-24,2020,June,176,110
2020-06-25,2020,June,177,88
2020-06-26,2020,June,178,84
2020-06-27,2020,June,179,82
2020-06-28,2020,June,180,70
2020-06-29,2020,June,181,93
2020-06-30,2020,June,182,92
2020-07-01,2020,July,183,75
2020-07-02,2020,July,184,76
2020-07-03,2020,July,185,132
2020-07-04,2020,July,186,117
2020-07-05,2020,July,187,85
2020-07-06,2020,July,188,109
2020-07-07,2020,July,189,76
2020-07-08,2020,July,190,60
2020-07-09,2020,July,191,60
2020-07-10,2020,July,192,64
2020-07-11,2020,July,193,61
2020-07-12,2020,July,194,65
2020-07-13,2020,July,195,56
2020-07-14,2020,July,196,71
2020-07-15,2020,July,197,71
2020-07-16,2020,July,198,61
2020-07-17,2020,July,199,80
2020-07-18,2020,July,200,66
2020-07-19,2020,July,201,63
2020-07-20,2020,July,202,67
2020-07-21,2020,July,203,65
2020-07-22,2020,July,204,66
2020-07-23,2020,July,205,68
2020-07-24,2020,July,206,77
2020-07-25,2020,July,207,105
2020-07-26,2020,July,208,98
2020-07-27,2020,July,209,102
2020-07-28,2020,July,210,75
2020-07-29,2020,July,211,68
2020-07-30,2020,July,212,76
2020-07-31,2020,July,213,63
2020-08-01,2020,August,214,61
2020-08-02,2020,August,215,58
2020-08-03,2020,August,216,55
2020-08-04,2020,August,217,76
2020-08-05,2020,August,218,48
2020-08-06,2020,August,219,54
2020-08-07,2020,August,220,71
2020-08-08,2020,August,221,70
2020-08-09,2020,August,222,56
2020-08-10,2020,August,223,59
2020-08-11,2020,August,224,56
2020-08-12,2020,August,225,65
2020-08-13,2020,August,226,65
2020-08-14,2020,August,227,57
2020-08-15,2020,August,228,52
2020-08-16,2020,August,229,61
2020-08-17,2020,August,230,54
2020-08-18,2020,August,231,60
2020-08-19,2020,August,232,59
2020-08-20,2020,August,233,56
2020-08-21,2020,August,234,65
2020-08-22,2020,August,235,62
2020-08-23,2020,August,236,68
2020-08-24,2020,August,237,61
2020-08-25,2020,August,238,59
2020-08-26,2020,August,239,74
2020-08-27,2020,August,240,62
2020-08-28,2020,August,241,62
2020-08-29,2020,August,242,64
2020-08-30,2020,August,243,68
2020-08-31,2020,August,244,58
2020-09-01,2020,September,245,69
2020-09-02,2020,September,246,73
2020-09-03,2020,September,247,71
2020-09-04,2020,September,248,62
2020-09-05,2020,September,249,58
2020-09-06,2020,September,250,66
2020-09-07,2020,September,251,62
2020-09-08,2020,September,252,52
2020-09-09,2020,September,253,85
2020-09-10,2020,September,254,50
2020-09-11,2020,September,255,73
2020-09-12,2020,September,256,64
2020-09-13,2020,September,257,52
2020-09-14,2020,September,258,44
2020-09-15,2020,September,259,48
2020-09-16,2020,September,260,58
2020-09-17,2020,September,261,57
2020-09-18,2020,September,262,70
2020-09-19,2020,September,263,60
2020-09-20,2020,September,264,63
2020-09-21,2020,September,265,62
2020-09-22,2020,September,266,69
2020-09-23,2020,September,267,67
2020-09-24,2020,September,268,70
2020-09-25,2020,September,269,65
2020-09-26,2020,September,270,62
2020-09-27,2020,September,271,58
2020-09-28,2020,September,272,59
2020-09-29,2020,September,273,108
2020-09-30,2020,September,274,50
2020-10-01,2020,October,275,50
2020-10-02,2020,October,276,50
2020-10-03,2020,October,277,46
2020-10-04,2020,October,278,47
2020-10-05,2020,October,279,45
2020-10-06,2020,October,280,66
2020-10-07,2020,October,281,58
2020-10-08,2020,October,282,56
2020-10-09,2020,October,283,64
2020-10-10,2020,October,284,55
2020-10-11,2020,October,285,55
2020-10-12,2020,October,286,55
2020-10-13,2020,October,287,47
2020-10-14,2020,October,288,52
2020-10-15,2020,October,289,54
2020-10-16,2020,October,290,62
2020-10-17,2020,October,291,62
2020-10-18,2020,October,292,62
2020-10-19,2020,October,293,62
2020-10-20,2020,October,294,59
2020-10-21,2020,October,295,51
2020-10-22,2020,October,296,69
2020-10-23,2020,October,297,62
2020-10-24,2020,October,298,65
2020-10-25,2020,October,299,80
2020-10-26,2020,October,300,89
2020-10-27,2020,October,301,109
2020-10-28,2020,October,302,71
2020-10-29,2020,October,303,63
2020-10-30,2020,October,304,78
2020-10-31,2020,October,305,118
2020-11-01,2020,November,306,117
2020-11-02,2020,November,307,87
2020-11-03,2020,November,308,148
2020-11-04,2020,November,309,90
2020-11-05,2020,November,310,59
2020-11-06,2020,November,311,48
2020-11-07,2020,November,312,55
2020-11-08,2020,November,313,85
2020-11-09,2020,November,314,113
2020-11-10,2020,November,315,116
2020-11-11,2020,November,316,103
2020-11-12,2020,November,317,69
2020-11-13,2020,November,318,50
2020-11-14,2020,November,319,57
2020-11-15,2020,November,320,98
2020-11-16,2020,November,321,40
2020-11-17,2020,November,322,43
2020-11-18,2020,November,323,52
2020-11-19,2020,November,324,38
2020-11-20,2020,November,325,53
2020-11-21,2020,November,326,66
2020-11-22,2020,November,327,71
2020-11-23,2020,November,328,76
2020-11-24,2020,November,329,86
2020-11-25,2020,November,330,47
2020-11-26,2020,November,331,84
2020-11-27,2020,November,332,60
2020-11-28,2020,November,333,60
2020-11-29,2020,November,334,67
2020-11-30,2020,November,335,71
2020-12-01,2020,December,336,60
2020-12-02,2020,December,337,66
2020-12-03,2020,December,338,42
2020-12-04,2020,December,339,30
2020-12-05,2020,December,340,32
2020-12-06,2020,December,341,28
2020-12-07,2020,December,342,30
2020-12-08,2020,December,343,36
2020-12-09,2020,December,344,50
2020-12-10,2020,December,345,69
2020-12-11,2020,December,346,94
2020-12-12,2020,December,347,105
2020-12-13,2020,December,348,130
2020-12-14,2020,December,349,73
2020-12-15,2020,December,350,87
2020-12-16,2020,December,351,69
2020-12-17,2020,December,352,59
2020-12-18,2020,December,353,64
2020-12-19,2020,December,354,90
2020-12-20,2020,December,355,94
2020-12-21,2020,December,356,89
2020-12-22,2020,December,357,99
2020-12-23,2020,December,358,110
2020-12-24,2020,December,359,105
2020-12-25,2020,December,360,107
2020-12-26,2020,December,361,93
2020-12-27,2020,December,362,95
2020-12-28,2020,December,363,108
2020-12-29,2020,December,364,114
2020-12-30,2020,December,365,74
2020-12-31,2020,December,366,65
2021-01-01,2021,January,1,85
2021-01-02,2021,January,2,74
2021-01-03,2021,January,3,63
2021-01-04,2021,January,4,64
2021-01-05,2021,January,5,43
2021-01-06,2021,January,6,38
2021-01-07,2021,January,7,44
2021-01-08,2021,January,8,41
2021-01-09,2021,January,9,86
2021-01-10,2021,January,10,94
2021-01-11,2021,January,11,92
2021-01-12,2021,January,12,74
2021-01-13,2021,January,13,122
2021-01-14,2021,January,14,85
2021-01-15,2021,January,15,96
2021-01-16,2021,January,16,85
2021-01-17,2021,January,17,63
2021-01-18,2021,January,18,58
2021-01-19,2021,January,19,85
2021-01-20,2021,January,20,102
2021-01-21,2021,January,21,104
2021-01-22,2021,January,22,58
2021-01-23,2021,January,23,53
2021-01-24,2021,January,24,75
2021-01-25,2021,January,25,63
2021-01-26,2021,January,26,70
2021-01-27,2021,January,27,91
2021-01-28,2021,January,28,145
2021-01-29,2021,January,29,130
2021-01-30,2021,January,30,116
2021-01-31,2021,January,31,78
2021-02-01,2021,February,32,64
2021-02-02,2021,February,33,88
2021-02-03,2021,February,34,83
2021-02-04,2021,February,35,84
2021-02-05,2021,February,36,104
2021-02-06,2021,February,37,109
2021-02-07,2021,February,38,110
2021-02-08,2021,February,39,74
2021-02-09,2021,February,40,86
2021-02-10,2021,February,41,96
2021-02-11,2021,February,42,95
2021-02-12,2021,February,43,72
2021-02-13,2021,February,44,80
2021-02-14,2021,February,45,65
2021-02-15,2021,February,46,67
2021-02-16,2021,February,47,69
2021-02-17,2021,February,48,86
2021-02-18,2021,February,49,81
2021-02-19,2021,February,50,83
2021-02-20,2021,February,51,88
2021-02-21,2021,February,52,38
2021-02-22,2021,February,53,46
2021-02-23,2021,February,54,72
2021-02-24,2021,February,55,89
2021-02-25,2021,February,56,78
2021-02-26,2021,February,57,67
2021-02-27,2021,February,58,63
2021-02-28,2021,February,59,46
2021-03-01,2021,March,60,42
2021-03-02,2021,March,61,78
2021-03-03,2021,March,62,83
2021-03-04,2021,March,63,72
2021-03-05,2021,March,64,73
2021-03-06,2021,March,65,67
2021-03-07,2021,March,66,64
2021-03-08,2021,March,67,49
2021-03-09,2021,March,68,76
2021-03-10,2021,March,69,50
2021-03-11,2021,March,70,42
2021-03-12,2021,March,71,43
2021-03-13,2021,March,72,54
2021-03-14,2021,March,73,53
2021-03-15,2021,March,74,56
2021-03-16,2021,March,75,53
2021-03-17,2021,March,76,48
2021-03-18,2021,March,77,61
2021-03-19,2021,March,78,82
2021-03-20,2021,March,79,98
2021-03-21,2021,March,80,70
2021-03-22,2021,March,81,66
2021-03-23,2021,March,82,93
2021-03-24,2021,March,83,108
2021-03-25,2021,March,84,120
2021-03-26,2021,March,85,98
2021-03-27,2021,March,86,73
2021-03-28,2021,March,87,58
2021-03-29,2021,March,88,45
2021-03-30,2021,March,89,54
2021-03-31,2021,March,90,57
2021-04-01,2021,April,91,57
2021-04-02,2021,April,92,71
2021-04-03,2021,April,93,83
2021-04-04,2021,April,94,64
2021-04-05,2021,April,95,66
2021-04-06,2021,April,96,68
2021-04-07,2021,April,97,63
2021-04-08,2021,April,98,82
2021-04-09,2021,April,99,67
2021-04-10,2021,April,100,66
2021-04-11,2021,April,101,67
2021-04-12,2021,April,102,53
2021-04-13,2021,April,103,55
2021-04-14,2021,April,104,60
2021-04-15,2021,April,105,46
2021-04-16,2021,April,106,51
2021-04-17,2021,April,107,54
2021-04-18,2021,April,108,43
2021-04-19,2021,April,109,51
2021-04-20,2021,April,110,54
2021-04-21,2021,April,111,52
2021-04-22,2021,April,112,49
2021-04-23,2021,April,113,48
2021-04-24,2021,April,114,42
2021-04-25,2021,April,115,46
2021-04-26,2021,April,116,46
2021-04-27,2021,April,117,64
2021-04-28,2021,April,118,64
2021-04-29,2021,April,119,64
2021-04-30,2021,April,120,53
2021-05-01,2021,May,121,64
2021-05-02,2021,May,122,48
2021-05-03,2021,May,123,46
2021-05-04,2021,May,124,51
2021-05-05,2021,May,125,42
2021-05-06,2021,May,126,43
2021-05-07,2021,May,127,65
2021-05-08,2021,May,128,51
2021-05-09,2021,May,129,56
2021-05-10,2021,May,130,41
2021-05-11,2021,May,131,49
2021-05-12,2021,May,132,72
2021-05-13,2021,May,133,85
2021-05-14,2021,May,134,94
2021-05-15,2021,May,135,62
2021-05-16,2021,May,136,49
2021-05-17,2021,May,137,59
2021-05-18,2021,May,138,70
2021-05-19,2021,May,139,62
2021-05-20,2021,May,140,53
2021-05-21,2021,May,141,59
2021-05-22,2021,May,142,71
2021-05-23,2021,May,143,103
2021-05-24,2021,May,144,71
2021-05-25,2021,May,145,65
2021-05-26,2021,May,146,56
2021-05-27,2021,May,147,68
2021-05-28,2021,May,148,65
2021-05-29,2021,May,149,67
2021-05-30,2021,May,150,62
2021-05-31,2021,May,151,60
2021-06-01,2021,June,152,64
2021-06-02,2021,June,153,64
2021-06-03,2021,June,154,56
2021-06-04,2021,June,155,44
2021-06-05,2021,June,156,44
2021-06-06,2021,June,157,72
2021-06-07,2021,June,158,74
2021-06-08,2021,June,159,50
2021-06-09,2021,June,160,52
2021-06-10,2021,June,161,70
2021-06-11,2021,June,162,75
2021-06-12,2021,June,163,62
2021-06-13,2021,June,164,46
2021-06-14,2021,June,165,47
2021-06-15,2021,June,166,50
2021-06-16,2021,June,167,65
2021-06-17,2021,June,168,75
2021-06-18,2021,June,169,86
2021-06-19,2021,June,170,90
2021-06-20,2021,June,171,81
2021-06-21,2021,June,172,81
2021-06-22,2021,June,173,70
2021-06-23,2021,June,174,86
2021-06-24,2021,June,175,69
2021-06-25,2021,June,176,77
2021-06-26,2021,June,177,95
2021-06-27,2021,June,178,56
2021-06-28,2021,June,179,55
2021-06-29,2021,June,180,63
2021-06-30,2021,June,181,54
2021-07-01,2021,July,182,58
2021-07-02,2021,July,183,53
2021-07-03,2021,July,184,43
2021-07-04,2021,July,185,60
2021-07-05,2021,July,186,51
2021-07-06,2021,July,187,47
2021-07-07,2021,July,188,55
2021-07-08,2021,July,189,56
2021-07-09,2021,July,190,56
2021-07-10,2021,July,191,54
2021-07-11,2021,July,192,52
2021-07-12,2021,July,193,54
2021-07-13,2021,July,194,69
2021-07-14,2021,July,195,68
2021-07-15,2021,July,196,41
2021-07-16,2021,July,197,48
2021-07-17,2021,July,198,50
2021-07-18,2021,July,199,57
2021-07-19,2021,July,200,50
2021-07-20,2021,July,201,56
2021-07-21,2021,July,202,58
2021-07-22,2021,July,203,64
2021-07-23,2021,July,204,59
2021-07-24,2021,July,205,59
2021-07-25,2021,July,206,69
2021-07-26,2021,July,207,53
2021-07-27,2021,July,208,60
2021-07-28,2021,July,209,65
2021-07-29,2021,July,210,68
2021-07-30,2021,July,211,71
2021-07-31,2021,July,212,70
2021-08-01,2021,August,213,52
2021-08-02,2021,August,214,55
2021-08-03,2021,August,215,59
2021-08-04,2021,August,216,53
2021-08-05,2021,August,217,67
2021-08-06,2021,August,218,59
2021-08-07,2021,August,219,61
2021-08-08,2021,August,220,62
2021-08-09,2021,August,221,53
2021-08-10,2021,August,222,51
2021-08-11,2021,August,223,62
2021-08-12,2021,August,224,67
2021-08-13,2021,August,225,66
2021-08-14,2021,August,226,65
2021-08-15,2021,August,227,68
2021-08-16,2021,August,228,74
2021-08-17,2021,August,229,65
2021-08-18,2021,August,230,66
2021-08-19,2021,August,231,56
2021-08-20,2021,August,232,52
2021-08-21,2021,August,233,60
2021-08-22,2021,August,234,47
2021-08-23,2021,August,235,56
2021-08-24,2021,August,236,64
2021-08-25,2021,August,237,58
2021-08-26,2021,August,238,63
2021-08-27,2021,August,239,58
2021-08-28,2021,August,240,62
2021-08-29,2021,August,241,47
2021-08-30,2021,August,242,60
2021-08-31,2021,August,243,62
2021-09-01,2021,September,244,71
2021-09-02,2021,September,245,68
2021-09-03,2021,September,246,63
2021-09-04,2021,September,247,59
2021-09-05,2021,September,248,52
2021-09-06,2021,September,249,51
2021-09-07,2021,September,250,46
2021-09-08,2021,September,251,52
2021-09-09,2021,September,252,59
2021-09-10,2021,September,253,58
2021-09-11,2021,September,254,63
2021-09-12,2021,September,255,63
2021-09-13,2021,September,256,52
2021-09-14,2021,September,257,58
2021-09-15,2021,September,258,55
2021-09-16,2021,September,259,62
2021-09-17,2021,September,260,62
2021-09-18,2021,September,261,61
2021-09-19,2021,September,262,59
2021-09-20,2021,September,263,48
2021-09-21,2021,September,264,53
2021-09-22,2021,September,265,72
2021-09-23,2021,September,266,61
2021-09-24,2021,September,267,66
2021-09-25,2021,September,268,56
2021-09-26,2021,September,269,55
2021-09-27,2021,September,270,51
2021-09-28,2021,September,271,53
2021-09-29,2021,September,272,79
2021-09-30,2021,September,273,69
2021-10-01,2021,October,274,50
2021-10-02,2021,October,275,41
2021-10-03,2021,October,276,33
2021-10-04,2021,October,277,41
2021-10-05,2021,October,278,45
2021-10-06,2021,October,279,45
2021-10-07,2021,October,280,51
2021-10-08,2021,October,281,55
2021-10-09,2021,October,282,59
2021-10-10,2021,October,283,55
2021-10-11,2021,October,284,62
2021-10-12,2021,October,285,63
2021-10-13,2021,October,286,67
2021-10-14,2021,October,287,65
2021-10-15,2021,October,288,60
2021-10-16,2021,October,289,71
2021-10-17,2021,October,290,48
2021-10-18,2021,October,291,74
2021-10-19,2021,October,292,78
2021-10-20,2021,October,293,78
2021-10-21,2021,October,294,84
2021-10-22,2021,October,295,51
2021-10-23,2021,October,296,46
2021-10-24,2021,October,297,46
2021-10-25,2021,October,298,63
2021-10-26,2021,October,299,94
2021-10-27,2021,October,300,118
2021-10-28,2021,October,301,118
2021-10-29,2021,October,302,91
2021-10-30,2021,October,303,56
2021-10-31,2021,October,304,50
2021-11-01,2021,November,305,48
2021-11-02,2021,November,306,41
2021-11-03,2021,November,307,48
2021-11-04,2021,November,308,89
2021-11-05,2021,November,309,150
2021-11-06,2021,November,310,52
2021-11-07,2021,November,311,49
2021-11-08,2021,November,312,93
2021-11-09,2021,November,313,92
2021-11-10,2021,November,314,90
2021-11-11,2021,November,315,60
2021-11-12,2021,November,316,64
2021-11-13,2021,November,317,52
2021-11-14,2021,November,318,58
2021-11-15,2021,November,319,52
2021-11-16,2021,November,320,64
2021-11-17,2021,November,321,37
2021-11-18,2021,November,322,40
2021-11-19,2021,November,323,39
2021-11-20,2021,November,324,47
2021-11-21,2021,November,325,45
2021-11-22,2021,November,326,56
2021-11-23,2021,November,327,48
2021-11-24,2021,November,328,55
2021-11-25,2021,November,329,56
2021-11-26,2021,November,330,49
2021-11-27,2021,November,331,36
2021-11-28,2021,November,332,36
2021-11-29,2021,November,333,40
2021-11-30,2021,November,334,47
2021-12-01,2021,December,335,59
2021-12-02,2021,December,336,68
2021-12-03,2021,December,337,81
2021-12-04,2021,December,338,90
2021-12-05,2021,December,339,120
2021-12-06,2021,December,340,100
2021-12-07,2021,December,341,95
2021-12-08,2021,December,342,59
2021-12-09,2021,December,343,36
2021-12-10,2021,December,344,48
2021-12-11,2021,December,345,39
2021-12-12,2021,December,346,39
2021-12-13,2021,December,347,42
2021-12-14,2021,December,348,52
2021-12-15,2021,December,349,70
2021-12-16,2021,December,350,101
2021-12-17,2021,December,351,123
2021-12-18,2021,December,352,126
2021-12-19,2021,December,353,102
2021-12-20,2021,December,354,120
2021-12-21,2021,December,355,162
2021-12-22,2021,December,356,149
2021-12-23,2021,December,357,171
2021-12-24,2021,December,358,102
2021-12-25,2021,December,359,99
2021-12-26,2021,December,360,87
2021-12-27,2021,December,361,88
2021-12-28,2021,December,362,62
2021-12-29,2021,December,363,73
2021-12-30,2021,December,364,65
2021-12-31,2021,December,365,70
2022-01-01,2022,January,1,60
2022-01-02,2022,January,2,49
2022-01-03,2022,January,3,68
2022-01-04,2022,January,4,77
2022-01-05,2022,January,5,78
2022-01-06,2022,January,6,66
2022-01-07,2022,January,7,61
2022-01-08,2022,January,8,42
2022-01-09,2022,January,9,50
2022-01-10,2022,January,10,48
2022-01-11,2022,January,11,45
2022-01-12,2022,January,12,50
2022-01-13,2022,January,13,57
2022-01-14,2022,January,14,39
2022-01-15,2022,January,15,37
2022-01-16,2022,January,16,41
2022-01-17,2022,January,17,49
2022-01-18,2022,January,18,56
2022-01-19,2022,January,19,79
2022-01-20,2022,January,20,92
2022-01-21,2022,January,21,90
2022-01-22,2022,January,22,78
2022-01-23,2022,January,23,69
2022-01-24,2022,January,24,55
2022-01-25,2022,January,25,70
2022-01-26,2022,January,26,44
2022-01-27,2022,January,27,50
2022-01-28,2022,January,28,68
2022-01-29,2022,January,29,105
2022-01-30,2022,January,30,105
2022-01-31,2022,January,31,105
2022-02-01,2022,February,32,95
2022-02-02,2022,February,33,75
2022-02-03,2022,February,34,63
2022-02-04,2022,February,35,58
2022-02-05,2022,February,36,62
2022-02-06,2022,February,37,59
2022-02-07,2022,February,38,67
2022-02-08,2022,February,39,83
2022-02-09,2022,February,40,68
2022-02-10,2022,February,41,85
2022-02-11,2022,February,42,69
2022-02-12,2022,February,43,95
2022-02-13,2022,February,44,110
2022-02-14,2022,February,45,114
2022-02-15,2022,February,46,98
2022-02-16,2022,February,47,91
2022-02-17,2022,February,48,100
2022-02-18,2022,February,49,91
2022-02-19,2022,February,50,68
2022-02-20,2022,February,51,112
2022-02-21,2022,February,52,105
2022-02-22,2022,February,53,87
2022-02-23,2022,February,54,62
2022-02-24,2022,February,55,58
2022-02-25,2022,February,56,70
2022-02-26,2022,February,57,68
2022-02-27,2022,February,58,71
2022-02-28,2022,February,59,62
2022-03-01,2022,March,60,68
2022-03-02,2022,March,61,84
2022-03-03,2022,March,62,82
2022-03-04,2022,March,63,92
2022-03-05,2022,March,64,72
2022-03-06,2022,March,65,64
2022-03-07,2022,March,66,60
2022-03-08,2022,March,67,82
2022-03-09,2022,March,68,96
2022-03-10,2022,March,69,86
2022-03-11,2022,March,70,80
2022-03-12,2022,March,71,90
2022-03-13,2022,March,72,89
2022-03-14,2022,March,73,97
2022-03-15,2022,March,74,110
2022-03-16,2022,March,75,103
2022-03-17,2022,March,76,116
2022-03-18,2022,March,77,93
2022-03-19,2022,March,78,63
2022-03-20,2022,March,79,96
2022-03-21,2022,March,80,94
2022-03-22,2022,March,81,102
2022-03-23,2022,March,82,77
2022-03-24,2022,March,83,66
2022-03-25,2022,March,84,60
2022-03-26,2022,March,85,56
2022-03-27,2022,March,86,55
2022-03-28,2022,March,87,47
2022-03-29,2022,March,88,44
2022-03-30,2022,March,89,45
2022-03-31,2022,March,90,45
2022-04-01,2022,April,91,45
2022-04-02,2022,April,92,42
2022-04-03,2022,April,93,44
2022-04-04,2022,April,94,41
2022-04-05,2022,April,95,34
2022-04-06,2022,April,96,44
2022-04-07,2022,April,97,49
2022-04-08,2022,April,98,42
2022-04-09,2022,April,99,43
2022-04-10,2022,April,100,46
2022-04-11,2022,April,101,42
2022-04-12,2022,April,102,35
2022-04-13,2022,April,103,36
2022-04-14,2022,April,104,39
2022-04-15,2022,April,105,35
2022-04-16,2022,April,106,38
2022-04-17,2022,April,107,50
2022-04-18,2022,April,108,47
2022-04-19,2022,April,109,45
2022-04-20,2022,April,110,40
2022-04-21,2022,April,111,39
2022-04-22,2022,April,112,44
2022-04-23,2022,April,113,38
2022-04-24,2022,April,114,43
2022-04-25,2022,April,115,47
2022-04-26,2022,April,116,52
2022-04-27,2022,April,117,43
2022-04-28,2022,April,118,45
2022-04-29,2022,April,119,61
2022-04-30,2022,April,120,46
2022-05-01,2022,May,121,58
2022-05-02,2022,May,122,89
2022-05-03,2022,May,123,84
2022-05-04,2022,May,124,58
2022-05-05,2022,May,125,91
2022-05-06,2022,May,126,56
2022-05-07,2022,May,127,80
2022-05-08,2022,May,128,78
2022-05-09,2022,May,129,94
2022-05-10,2022,May,130,81
2022-05-11,2022,May,131,71
2022-05-12,2022,May,132,61
2022-05-13,2022,May,133,61
2022-05-14,2022,May,134,69
2022-05-15,2022,May,135,69
2022-05-16,2022,May,136,52
2022-05-17,2022,May,137,57
2022-05-18,2022,May,138,57
2022-05-19,2022,May,139,57
2022-05-20,2022,May,140,71
2022-05-21,2022,May,141,79
2022-05-22,2022,May,142,85
2022-05-23,2022,May,143,56
2022-05-24,2022,May,144,73
2022-05-25,2022,May,145,61
2022-05-26,2022,May,146,67
2022-05-27,2022,May,147,67
2022-05-28,2022,May,148,72
2022-05-29,2022,May,149,68
2022-05-30,2022,May,150,58
2022-05-31,2022,May,151,68
2022-06-01,2022,June,152,69
2022-06-02,2022,June,153,75
2022-06-03,2022,June,154,75
2022-06-04,2022,June,155,83
2022-06-05,2022,June,156,71
2022-06-06,2022,June,157,62
2022-06-07,2022,June,158,62
2022-06-08,2022,June,159,68
2022-06-09,2022,June,160,67
2022-06-10,2022,June,161,60
2022-06-11,2022,June,162,69
2022-06-12,2022,June,163,65
2022-06-13,2022,June,164,64
2022-06-14,2022,June,165,54
2022-06-15,2022,June,166,54
2022-06-16,2022,June,167,56
2022-06-17,2022,June,168,54
2022-06-18,2022,June,169,52
2022-06-19,2022,June,170,63
2022-06-20,2022,June,171,58
2022-06-21,2022,June,172,55
2022-06-22,2022,June,173,59
2022-06-23,2022,June,174,63
2022-06-24,2022,June,175,64
2022-06-25,2022,June,176,62
2022-06-26,2022,June,177,64
2022-06-27,2022,June,178,66
2022-06-28,2022,June,179,76
2022-06-29,2022,June,180,84
2022-06-30,2022,June,181,77
2022-07-01,2022,July,182,63
2022-07-02,2022,July,183,53
2022-07-03,2022,July,184,65
2022-07-04,2022,July,185,64
2022-07-05,2022,July,186,52
2022-07-06,2022,July,187,52
2022-07-07,2022,July,188,62
2022-07-08,2022,July,189,65
2022-07-09,2022,July,190,70
2022-07-10,2022,July,191,60
2022-07-11,2022,July,192,50
2022-07-12,2022,July,193,51
2022-07-13,2022,July,194,
2022-07-14,2022,July,195,53
2022-07-15,2022,July,196,60
2022-07-16,2022,July,197,69
2022-07-17,2022,July,198,47
2022-07-18,2022,July,199,61
2022-07-19,2022,July,200,79
2022-07-20,2022,July,201,76
2022-07-21,2022,July,202,70
2022-07-22,2022,July,203,52
2022-07-23,2022,July,204,65
2022-07-24,2022,July,205,55
2022-07-25,2022,July,206,70
2022-07-26,2022,July,207,54
2022-07-27,2022,July,208,70
2022-07-28,2022,July,209,49
2022-07-29,2022,July,210,51
2022-07-30,2022,July,211,50
2022-07-31,2022,July,212,58
2022-08-01,2022,August,213,61
2022-08-02,2022,August,214,61
2022-08-03,2022,August,215,56
2022-08-04,2022,August,216,84
2022-08-05,2022,August,217,57
2022-08-06,2022,August,218,49
2022-08-07,2022,August,219,54
2022-08-08,2022,August,220,49
2022-08-09,2022,August,221,64
2022-08-10,2022,August,222,68
2022-08-11,2022,August,223,70
2022-08-12,2022,August,224,62
2022-08-13,2022,August,225,66
2022-08-14,2022,August,226,65
2022-08-15,2022,August,227,63
2022-08-16,2022,August,228,60
2022-08-17,2022,August,229,56
2022-08-18,2022,August,230,57
2022-08-19,2022,August,231,63
2022-08-20,2022,August,232,69
2022-08-21,2022,August,233,71
2022-08-22,2022,August,234,43
2022-08-23,2022,August,235,48
2022-08-24,2022,August,236,49
2022-08-25,2022,August,237,62
2022-08-26,2022,August,238,61
2022-08-27,2022,August,239,50
2022-08-28,2022,August,240,49
2022-08-29,2022,August,241,60
2022-08-30,2022,August,242,70
2022-08-31,2022,August,243,49
2022-09-01,2022,September,244,62
2022-09-02,2022,September,245,48
2022-09-03,2022,September,246,58
2022-09-04,2022,September,247,58
2022-09-05,2022,September,248,55
2022-09-06,2022,September,249,57
2022-09-07,2022,September,250,73
2022-09-08,2022,September,251,61
2022-09-09,2022,September,252,74
2022-09-10,2022,September,253,59
2022-09-11,2022,September,254,62
2022-09-12,2022,September,255,70
2022-09-13,2022,September,256,72
2022-09-14,2022,September,257,70
2022-09-15,2022,September,258,81
2022-09-16,2022,September,259,83
2022-09-17,2022,September,260,69
2022-09-18,2022,September,261,65
2022-09-19,2022,September,262,62
2022-09-20,2022,September,263,65
2022-09-21,2022,September,264,85
2022-09-22,2022,September,265,69
2022-09-23,2022,September,266,66
2022-09-24,2022,September,267,71
2022-09-25,2022,September,268,65
2022-09-26,2022,September,269,73
2022-09-27,2022,September,270,74
2022-09-28,2022,September,271,83
2022-09-29,2022,September,272,83
2022-09-30,2022,September,273,74
2022-10-01,2022,October,274,70
2022-10-02,2022,October,275,73
2022-10-03,2022,October,276,90
2022-10-04,2022,October,277,101
2022-10-05,2022,October,278,129
2022-10-06,2022,October,279,96
2022-10-07,2022,October,280,88
2022-10-08,2022,October,281,114
2022-10-09,2022,October,282,67
2022-10-10,2022,October,283,61
2022-10-11,2022,October,284,53
2022-10-12,2022,October,285,58
2022-10-13,2022,October,286,61
2022-10-14,2022,October,287,56
2022-10-15,2022,October,288,63
2022-10-16,2022,October,289,51
2022-10-17,2022,October,290,53
2022-10-18,2022,October,291,66
2022-10-19,2022,October,292,74
2022-10-20,2022,October,293,73
2022-10-21,2022,October,294,66
2022-10-22,2022,October,295,82
2022-10-23,2022,October,296,109
2022-10-24,2022,October,297,193
2022-10-25,2022,October,298,228
2022-10-26,2022,October,299,147
2022-10-27,2022,October,300,105
2022-10-28,2022,October,301,59
2022-10-29,2022,October,302,70
2022-10-30,2022,October,303,74
2022-10-31,2022,October,304,88
2022-11-01,2022,November,305,59
2022-11-02,2022,November,306,50
2022-11-03,2022,November,307,59
2022-11-04,2022,November,308,56
2022-11-05,2022,November,309,44
2022-11-06,2022,November,310,58
2022-11-07,2022,November,311,105
2022-11-08,2022,November,312,82
2022-11-09,2022,November,313,74
2022-11-10,2022,November,314,58
2022-11-11,2022,November,315,46
2022-11-12,2022,November,316,44
2022-11-13,2022,November,317,38
2022-11-14,2022,November,318,43
2022-11-15,2022,November,319,96
2022-11-16,2022,November,320,121
2022-11-17,2022,November,321,142
2022-11-18,2022,November,322,170
2022-11-19,2022,November,323,108
2022-11-20,2022,November,324,120
2022-11-21,2022,November,325,84
2022-11-22,2022,November,326,74
2022-11-23,2022,November,327,62
2022-11-24,2022,November,328,75
2022-11-25,2022,November,329,98
2022-11-26,2022,November,330,86
2022-11-27,2022,November,331,108
2022-11-28,2022,November,332,120
2022-11-29,2022,November,333,142
2022-11-30,2022,November,334,153
2022-12-01,2022,December,335,132
2022-12-02,2022,December,336,77
2022-12-03,2022,December,337,50
2022-12-04,2022,December,338,64
2022-12-05,2022,December,339,127
2022-12-06,2022,December,340,203
2022-12-07,2022,December,341,238
2022-12-08,2022,December,342,203
2022-12-09,2022,December,343,115
2022-12-10,2022,December,344,40
2022-12-11,2022,December,345,45
2022-12-12,2022,December,346,49
2022-12-13,2022,December,347,46
2022-12-14,2022,December,348,58
2022-12-15,2022,December,349,72
2022-12-16,2022,December,350,97
2022-12-17,2022,December,351,123
2022-12-18,2022,December,352,120
2022-12-19,2022,December,353,88
2022-12-20,2022,December,354,110
2022-12-21,2022,December,355,120
2022-12-22,2022,December,356,124
2022-12-23,2022,December,357,172
2022-12-24,2022,December,358,193
2022-12-25,2022,December,359,73
2022-12-26,2022,December,360,34
2022-12-27,2022,December,361,38
2022-12-28,2022,December,362,59
2022-12-29,2022,December,363,57
2022-12-30,2022,December,364,65
2022-12-31,2022,December,365,67
2023-01-01,2023,January,1,104
2023-01-02,2023,January,2,76
2023-01-03,2023,January,3,86
2023-01-04,2023,January,4,99
2023-01-05,2023,January,5,80
2023-01-06,2023,January,6,95
2023-01-07,2023,January,7,101
2023-01-08,2023,January,8,184
2023-01-09,2023,January,9,118
2023-01-10,2023,January,10,140
2023-01-11,2023,January,11,125
2023-01-12,2023,January,12,111
2023-01-13,2023,January,13,106
2023-01-14,2023,January,14,147
2023-01-15,2023,January,15,77
2023-01-16,2023,January,16,65
2023-01-17,2023,January,17,71
2023-01-18,2023,January,18,95
2023-01-19,2023,January,19,115
2023-01-20,2023,January,20,124
2023-01-21,2023,January,21,120
2023-01-22,2023,January,22,114
2023-01-23,2023,January,23,97
2023-01-24,2023,January,24,72
2023-01-25,2023,January,25,100
2023-01-26,2023,January,26,159
2023-01-27,2023,January,27,105
2023-01-28,2023,January,28,113
2023-01-29,2023,January,29,132
2023-01-30,2023,January,30,85
2023-01-31,2023,January,31,96
2023-02-01,2023,February,32,101
2023-02-02,2023,February,33,81
2023-02-03,2023,February,34,95
2023-02-04,2023,February,35,101
2023-02-05,2023,February,36,113
2023-02-06,2023,February,37,108
2023-02-07,2023,February,38,92
2023-02-08,2023,February,39,95
2023-02-09,2023,February,40,96
2023-02-10,2023,February,41,91
2023-02-11,2023,February,42,99
2023-02-12,2023,February,43,136
2023-02-13,2023,February,44,136
2023-02-14,2023,February,45,120
2023-02-15,2023,February,46,105
2023-02-16,2023,February,47,131
2023-02-17,2023,February,48,134
2023-02-18,2023,February,49,126
2023-02-19,2023,February,50,75
2023-02-20,2023,February,51,74
2023-02-21,2023,February,52,97
2023-02-22,2023,February,53,98
2023-02-23,2023,February,54,111
2023-02-24,2023,February,55,78
2023-02-25,2023,February,56,86
2023-02-26,2023,February,57,98
2023-02-27,2023,February,58,98
2023-02-28,2023,February,59,84
2023-03-01,2023,March,60,85
2023-03-02,2023,March,61,92
2023-03-03,2023,March,62,118
2023-03-04,2023,March,63,113
2023-03-05,2023,March,64,91
2023-03-06,2023,March,65,93
2023-03-07,2023,March,66,91
2023-03-08,2023,March,67,74
2023-03-09,2023,March,68,87
2023-03-10,2023,March,69,93
2023-03-11,2023,March,70,94
2023-03-12,2023,March,71,90
2023-03-13,2023,March,72,85
2023-03-14,2023,March,73,90
2023-03-15,2023,March,74,104
2023-03-16,2023,March,75,61
2023-03-17,2023,March,76,61
2023-03-18,2023,March,77,54
2023-03-19,2023,March,78,51
2023-03-20,2023,March,79,46
2023-03-21,2023,March,80,48
2023-03-22,2023,March,81,55
2023-03-23,2023,March,82,43
2023-03-24,2023,March,83,55
2023-03-25,2023,March,84,41
2023-03-26,2023,March,85,39
2023-03-27,2023,March,86,42
2023-03-28,2023,March,87,54
2023-03-29,2023,March,88,58
2023-03-30,2023,March,89,56
2023-03-31,2023,March,90,63
2023-04-01,2023,April,91,65
2023-04-02,2023,April,92,54
2023-04-03,2023,April,93,72
2023-04-04,2023,April,94,53
2023-04-05,2023,April,95,53
2023-04-06,2023,April,96,53
2023-04-07,2023,April,97,42
2023-04-08,2023,April,98,54
2023-04-09,2023,April,99,56
2023-04-10,2023,April,100,60
2023-04-11,2023,April,101,69
2023-04-12,2023,April,102,83
2023-04-13,2023,April,103,103
2023-04-14,2023,April,104,98
2023-04-15,2023,April,105,74
2023-04-16,2023,April,106,78
2023-04-17,2023,April,107,84
2023-04-18,2023,April,108,72
2023-04-19,2023,April,109,75
2023-04-20,2023,April,110,70
2023-04-21,2023,April,111,73
2023-04-22,2023,April,112,65
2023-04-23,2023,April,113,60
2023-04-24,2023,April,114,64
2023-04-25,2023,April,115,51
2023-04-26,2023,April,116,62
2023-04-27,2023,April,117,75
2023-04-28,2023,April,118,58
2023-04-29,2023,April,119,54
2023-04-30,2023,April,120,59
2023-05-01,2023,May,121,59
2023-05-02,2023,May,122,58
2023-05-03,2023,May,123,59
2023-05-04,2023,May,124,59
2023-05-05,2023,May,125,62
2023-05-06,2023,May,126,64
2023-05-07,2023,May,127,66
2023-05-08,2023,May,128,65
2023-05-09,2023,May,129,67
2023-05-10,2023,May,130,58
2023-05-11,2023,May,131,82
2023-05-12,2023,May,132,111
2023-05-13,2023,May,133,89
2023-05-14,2023,May,134,101
2023-05-15,2023,May,135,92
2023-05-16,2023,May,136,83
2023-05-17,2023,May,137,88
2023-05-18,2023,May,138,71
2023-05-19,2023,May,139,83
2023-05-20,2023,May,140,76
2023-05-21,2023,May,141,65
2023-05-22,2023,May,142,68
2023-05-23,2023,May,143,75
2023-05-24,2023,May,144,72
2023-05-25,2023,May,145,67
2023-05-26,2023,May,146,79
2023-05-27,2023,May,147,75
2023-05-28,2023,May,148,86
2023-05-29,2023,May,149,76
2023-05-30,2023,May,150,70
2023-05-31,2023,May,151,83
2023-06-01,2023,June,152,82
2023-06-02,2023,June,153,90
2023-06-03,2023,June,154,92
2023-06-04,2023,June,155,80
2023-06-05,2023,June,156,88
2023-06-06,2023,June,157,70
2023-06-07,2023,June,158,72
2023-06-08,2023,June,159,73
2023-06-09,2023,June,160,69
2023-06-10,2023,June,161,67
2023-06-11,2023,June,162,67
2023-06-12,2023,June,163,54
2023-06-13,2023,June,164,58
2023-06-14,2023,June,165,73
2023-06-15,2023,June,166,84
2023-06-16,2023,June,167,78
2023-06-17,2023,June,168,78
2023-06-18,2023,June,169,66
2023-06-19,2023,June,170,50
2023-06-20,2023,June,171,57
2023-06-21,2023,June,172,62
2023-06-22,2023,June,173,76
2023-06-23,2023,June,174,73
2023-06-24,2023,June,175,62
2023-06-25,2023,June,176,73
2023-06-26,2023,June,177,76
2023-06-27,2023,June,178,64
2023-06-28,2023,June,179,60
2023-06-29,2023,June,180,76
2023-06-30,2023,June,181,57
2023-07-01,2023,July,182,61
2023-07-02,2023,July,183,75
2023-07-03,2023,July,184,58
2023-07-04,2023,July,185,56
2023-07-05,2023,July,186,64
2023-07-06,2023,July,187,66
2023-07-07,2023,July,188,82
2023-07-08,2023,July,189,63
2023-07-09,2023,July,190,73
2023-07-10,2023,July,191,48
2023-07-11,2023,July,192,52
2023-07-12,2023,July,193,76
2023-07-13,2023,July,194,69
2023-07-14,2023,July,195,78
2023-07-15,2023,July,196,77
2023-07-16,2023,July,197,81
2023-07-17,2023,July,198,78
2023-07-18,2023,July,199,96
2023-07-19,2023,July,200,87
2023-07-20,2023,July,201,88
2023-07-21,2023,July,202,107
2023-07-22,2023,July,203,101
2023-07-23,2023,July,204,61
2023-07-24,2023,July,205,67
2023-07-25,2023,July,206,66
2023-07-26,2023,July,207,58
2023-07-27,2023,July,208,64
2023-07-28,2023,July,209,93
2023-07-29,2023,July,210,96
2023-07-30,2023,July,211,85
2023-07-31,2023,July,212,74
2023-08-01,2023,August,213,79
2023-08-02,2023,August,214,99
2023-08-03,2023,August,215,95
2023-08-04,2023,August,216,87
2023-08-05,2023,August,217,79
2023-08-06,2023,August,218,78
2023-08-07,2023,August,219,56
2023-08-08,2023,August,220,66
2023-08-09,2023,August,221,79
2023-08-10,2023,August,222,82
2023-08-11,2023,August,223,61
2023-08-12,2023,August,224,74
2023-08-13,2023,August,225,69
2023-08-14,2023,August,226,54
2023-08-15,2023,August,227,67
2023-08-16,2023,August,228,71
2023-08-17,2023,August,229,77
2023-08-18,2023,August,230,61
2023-08-19,2023,August,231,65
2023-08-20,2023,August,232,62
2023-08-21,2023,August,233,65
2023-08-22,2023,August,234,68
2023-08-23,2023,August,235,74
2023-08-24,2023,August,236,65
2023-08-25,2023,August,237,78
2023-08-26,2023,August,238,68
2023-08-27,2023,August,239,73
2023-08-28,2023,August,240,78
2023-08-29,2023,August,241,66
2023-08-30,2023,August,242,88
2023-08-31,2023,August,243,69
2023-09-01,2023,September,244,71
2023-09-02,2023,September,245,77
2023-09-03,2023,September,246,63
2023-09-04,2023,September,247,53
2023-09-05,2023,September,248,70
2023-09-06,2023,September,249,63
2023-09-07,2023,September,250,71
2023-09-08,2023,September,251,51
2023-09-09,2023,September,252,83
2023-09-10,2023,September,253,63
2023-09-11,2023,September,254,54
2023-09-12,2023,September,255,63
2023-09-13,2023,September,256,57
2023-09-14,2023,September,257,81
2023-09-15,2023,September,258,55
2023-09-16,2023,September,259,54
2023-09-17,2023,September,260,62
2023-09-18,2023,September,261,45
2023-09-19,2023,September,262,50
2023-09-20,2023,September,263,59
2023-09-21,2023,September,264,64
2023-09-22,2023,September,265,54
2023-09-23,2023,September,266,56
2023-09-24,2023,September,267,49
2023-09-25,2023,September,268,49
2023-09-26,2023,September,269,71
2023-09-27,2023,September,270,84
2023-09-28,2023,September,271,49
2023-09-29,2023,September,272,57
2023-09-30,2023,September,273,57
2023-10-01,2023,October,274,57
2023-10-02,2023,October,275,46
2023-10-03,2023,October,276,56
2023-10-04,2023,October,277,68
2023-10-05,2023,October,278,77
2023-10-06,2023,October,279,76
2023-10-07,2023,October,280,73
2023-10-08,2023,October,281,52
2023-10-09,2023,October,282,47
2023-10-10,2023,October,283,52
2023-10-11,2023,October,284,70
2023-10-12,2023,October,285,55
2023-10-13,2023,October,286,79
2023-10-14,2023,October,287,69
2023-10-15,2023,October,288,75
2023-10-16,2023,October,289,73
2023-10-17,2023,October,290,79
2023-10-18,2023,October,291,109
2023-10-19,2023,October,292,120
2023-10-20,2023,October,293,97
2023-10-21,2023,October,294,90
2023-10-22,2023,October,295,82
2023-10-23,2023,October,296,109
2023-10-24,2023,October,297,121
2023-10-25,2023,October,298,127
2023-10-26,2023,October,299,120
2023-10-27,2023,October,300,102
2023-10-28,2023,October,301,67
2023-10-29,2023,October,302,60
2023-10-30,2023,October,303,65
2023-10-31,2023,October,304,129
2023-11-01,2023,November,305,93
2023-11-02,2023,November,306,61
2023-11-03,2023,November,307,57
2023-11-04,2023,November,308,59
2023-11-05,2023,November,309,33
2023-11-06,2023,November,310,40
2023-11-07,2023,November,311,49
2023-11-08,2023,November,312,73
2023-11-09,2023,November,313,69
2023-11-10,2023,November,314,83
2023-11-11,2023,November,315,115
2023-11-12,2023,November,316,178
2023-11-13,2023,November,317,245
2023-11-14,2023,November,318,111
2023-11-15,2023,November,319,66
2023-11-16,2023,November,320,90
2023-11-17,2023,November,321,97
2023-11-18,2023,November,322,57
2023-11-19,2023,November,323,50
2023-11-20,2023,November,324,50
2023-11-21,2023,November,325,55
2023-11-22,2023,November,326,45
2023-11-23,2023,November,327,49
2023-11-24,2023,November,328,41
2023-11-25,2023,November,329,46
2023-11-26,2023,November,330,72
2023-11-27,2023,November,331,51
2023-11-28,2023,November,332,44
2023-11-29,2023,November,333,43
2023-11-30,2023,November,334,41
2023-12-01,2023,December,335,42
2023-12-02,2023,December,336,65
2023-12-03,2023,December,337,46
2023-12-04,2023,December,338,36
2023-12-05,2023,December,339,
2023-12-06,2023,December,340,
2023-12-07,2023,December,341,38
2023-12-08,2023,December,342,57
2023-12-09,2023,December,343,70
2023-12-10,2023,December,344,88
2023-12-11,2023,December,345,82
2023-12-12,2023,December,346,70
2023-12-13,2023,December,347,114
2023-12-14,2023,December,348,87
2023-12-15,2023,December,349,110
2023-12-16,2023,December,350,92
2023-12-17,2023,December,351,74
2023-12-18,2023,December,352,77
2023-12-19,2023,December,353,100
2023-12-20,2023,December,354,96
2023-12-21,2023,December,355,140
2023-12-22,2023,December,356,172
2023-12-23,2023,December,357,138
2023-12-24,2023,December,358,130
2023-12-25,2023,December,359,88
2023-12-26,2023,December,360,77
2023-12-27,2023,December,361,74
2023-12-28,2023,December,362,70
2023-12-29,2023,December,363,66
2023-12-30,2023,December,364,71
2023-12-31,2023,December,365,93
2024-01-01,2024,January,1,142
2024-01-02,2024,January,2,101
2024-01-03,2024,January,3,119
2024-01-04,2024,January,4,107
2024-01-05,2024,January,5,92
2024-01-06,2024,January,6,71
2024-01-07,2024,January,7,66
2024-01-08,2024,January,8,67
2024-01-09,2024,January,9,80
2024-01-10,2024,January,10,81
2024-01-11,2024,January,11,94
2024-01-12,2024,January,12,114
2024-01-13,2024,January,13,136
2024-01-14,2024,January,14,231
2024-01-15,2024,January,15,176
2024-01-16,2024,January,16,113
2024-01-17,2024,January,17,78
2024-01-18,2024,January,18,76
2024-01-19,2024,January,19,74
2024-01-20,2024,January,20,81
2024-01-21,2024,January,21,79
2024-01-22,2024,January,22,72
2024-01-23,2024,January,23,99
2024-01-24,2024,January,24,123
2024-01-25,2024,January,25,108
2024-01-26,2024,January,26,108
2024-01-27,2024,January,27,95
2024-01-28,2024,January,28,96
2024-01-29,2024,January,29,122
2024-01-30,2024,January,30,122
2024-01-31,2024,January,31,98
2024-02-01,2024,February,32,55
2024-02-02,2024,February,33,39
2024-02-03,2024,February,34,69
2024-02-04,2024,February,35,72
2024-02-05,2024,February,36,72
2024-02-06,2024,February,37,88
2024-02-07,2024,February,38,109
2024-02-08,2024,February,39,93
2024-02-09,2024,February,40,83
2024-02-10,2024,February,41,85
2024-02-11,2024,February,42,100
2024-02-12,2024,February,43,69
2024-02-13,2024,February,44,68
2024-02-14,2024,February,45,63
2024-02-15,2024,February,46,88
2024-02-16,2024,February,47,84
2024-02-17,2024,February,48,84
2024-02-18,2024,February,49,87
2024-02-19,2024,February,50,86
2024-02-20,2024,February,51,100
2024-02-21,2024,February,52,98
2024-02-22,2024,February,53,89
2024-02-23,2024,February,54,82
2024-02-24,2024,February,55,72
2024-02-25,2024,February,56,69
2024-02-26,2024,February,57,64
2024-02-27,2024,February,58,65
2024-02-28,2024,February,59,72
2024-02-29,2024,February,60,77
2024-03-01,2024,March,61,83
2024-03-02,2024,March,62,101
2024-03-03,2024,March,63,80
2024-03-04,2024,March,64,84
2024-03-05,2024,March,65,76
2024-03-06,2024,March,66,90
2024-03-07,2024,March,67,81
2024-03-08,2024,March,68,83
2024-03-09,2024,March,69,90
2024-03-10,2024,March,70,78
2024-03-11,2024,March,71,77
2024-03-12,2024,March,72,77
2024-03-13,2024,March,73,85
2024-03-14,2024,March,74,88
2024-03-15,2024,March,75,76
2024-03-16,2024,March,76,67
2024-03-17,2024,March,77,54
2024-03-18,2024,March,78,52
2024-03-19,2024,March,79,62
2024-03-20,2024,March,80,83
2024-03-21,2024,March,81,67
2024-03-22,2024,March,82,70
2024-03-23,2024,March,83,73
2024-03-24,2024,March,84,71
2024-03-25,2024,March,85,63
2024-03-26,2024,March,86,64
2024-03-27,2024,March,87,69
2024-03-28,2024,March,88,64
2024-03-29,2024,March,89,58
2024-03-30,2024,March,90,58
2024-03-31,2024,March,91,58
2024-04-01,2024,April,92,46
2024-04-02,2024,April,93,56
2024-04-03,2024,April,94,64
2024-04-04,2024,April,95,66
2024-04-05,2024,April,96,62
2024-04-06,2024,April,97,59
2024-04-07,2024,April,98,65
2024-04-08,2024,April,99,62
2024-04-09,2024,April,100,62
2024-04-10,2024,April,101,75
2024-04-11,2024,April,102,63
2024-04-12,2024,April,103,61
2024-04-13,2024,April,104,62
2024-04-14,2024,April,105,79
2024-04-15,2024,April,106,67
2024-04-16,2024,April,107,69
2024-04-17,2024,April,108,77
2024-04-18,2024,April,109,54
2024-04-19,2024,April,110,57
2024-04-20,2024,April,111,58
2024-04-21,2024,April,112,64
2024-04-22,2024,April,113,56
2024-04-23,2024,April,114,58
2024-04-24,2024,April,115,58
2024-04-25,2024,April,116,56
2024-04-26,2024,April,117,60
2024-04-27,2024,April,118,64
2024-04-28,2024,April,119,58
2024-04-29,2024,April,120,43
2024-04-30,2024,April,121,55
2024-05-01,2024,May,122,59
2024-05-02,2024,May,123,54
2024-05-03,2024,May,124,62
2024-05-04,2024,May,125,60
2024-05-05,2024,May,126,57
2024-05-06,2024,May,127,59
2024-05-07,2024,May,128,61
2024-05-08,2024,May,129,62
2024-05-09,2024,May,130,46
2024-05-10,2024,May,131,51
2024-05-11,2024,May,132,56
2024-05-12,2024,May,133,50
2024-05-13,2024,May,134,67
2024-05-14,2024,May,135,56
2024-05-15,2024,May,136,62
2024-05-16,2024,May,137,55
2024-05-17,2024,May,138,59
2024-05-18,2024,May,139,68
2024-05-19,2024,May,140,63
2024-05-20,2024,May,141,62
2024-05-21,2024,May,142,66
2024-05-22,2024,May,143,51
2024-05-23,2024,May,144,70
2024-05-24,2024,May,145,70
2024-05-25,2024,May,146,77
2024-05-26,2024,May,147,85
2024-05-27,2024,May,148,86
2024-05-28,2024,May,149,97
2024-05-29,2024,May,150,102
2024-05-30,2024,May,151,84
2024-05-31,2024,May,152,85
2024-06-01,2024,June,153,74
2024-06-02,2024,June,154,65
2024-06-03,2024,June,155,65
2024-06-04,2024,June,156,65
2024-06-05,2024,June,157,59
2024-06-06,2024,June,158,59
2024-06-07,2024,June,159,62
2024-06-08,2024,June,160,99
2024-06-09,2024,June,161,65
2024-06-10,2024,June,162,97
2024-06-11,2024,June,163,74
2024-06-12,2024,June,164,64
2024-06-13,2024,June,165,72
2024-06-14,2024,June,166,65
2024-06-15,2024,June,167,76
2024-06-16,2024,June,168,77
2024-06-17,2024,June,169,62
2024-06-18,2024,June,170,64
2024-06-19,2024,June,171,60
2024-06-20,2024,June,172,54
2024-06-21,2024,June,173,58
2024-06-22,2024,June,174,60
2024-06-23,2024,June,175,57
2024-06-24,2024,June,176,59
2024-06-25,2024,June,177,65
2024-06-26,2024,June,178,61
2024-06-27,2024,June,179,60
2024-06-28,2024,June,180,59
2024-06-29,2024,June,181,68
2024-06-30,2024,June,182,67
2024-07-01,2024,July,183,57
2024-07-02,2024,July,184,70
2024-07-03,2024,July,185,72
2024-07-04,2024,July,186,57
2024-07-05,2024,July,187,63
2024-07-06,2024,July,188,71
2024-07-07,2024,July,189,59
2024-07-08,2024,July,190,48
2024-07-09,2024,July,191,57
2024-07-10,2024,July,192,68
2024-07-11,2024,July,193,69
2024-07-12,2024,July,194,73
2024-07-13,2024,July,195,54
2024-07-14,2024,July,196,63
2024-07-15,2024,July,197,54
2024-07-16,2024,July,198,48
2024-07-17,2024,July,199,67
2024-07-18,2024,July,200,62
2024-07-19,2024,July,201,68
2024-07-20,2024,July,202,69
2024-07-21,2024,July,203,95
2024-07-22,2024,July,204,94
2024-07-23,2024,July,205,93
2024-07-24,2024,July,206,69
2024-07-25,2024,July,207,68
2024-07-26,2024,July,208,73
2024-07-27,2024,July,209,77
2024-07-28,2024,July,210,78
2024-07-29,2024,July,211,80
2024-07-30,2024,July,212,77
2024-07-31,2024,July,213,75
2024-08-01,2024,August,214,78
2024-08-02,2024,August,215,89
2024-08-03,2024,August,216,72
2024-08-04,2024,August,217,60
2024-08-05,2024,August,218,65
2024-08-06,2024,August,219,72
2024-08-07,2024,August,220,68
2024-08-08,2024,August,221,64
2024-08-09,2024,August,222,55
2024-08-10,2024,August,223,72
2024-08-11,2024,August,224,72
2024-08-12,2024,August,225,72
2024-08-13,2024,August,226,75
2024-08-14,2024,August,227,76
2024-08-15,2024,August,228,81
2024-08-16,2024,August,229,62
2024-08-17,2024,August,230,66
2024-08-18,2024,August,231,82
2024-08-19,2024,August,232,65
2024-08-20,2024,August,233,60
2024-08-21,2024,August,234,82
2024-08-22,2024,August,235,51
2024-08-23,2024,August,236,53
2024-08-24,2024,August,237,49
2024-08-25,2024,August,238,59
2024-08-26,2024,August,239,47
2024-08-27,2024,August,240,51
2024-08-28,2024,August,241,49
2024-08-29,2024,August,242,47
2024-08-30,2024,August,243,45
2024-08-31,2024,August,244,41
2024-09-01,2024,September,245,44
2024-09-02,2024,September,246,42
2024-09-03,2024,September,247,50
2024-09-04,2024,September,248,44
2024-09-05,2024,September,249,62
2024-09-06,2024,September,250,55
2024-09-07,2024,September,251,67
2024-09-08,2024,September,252,48
2024-09-09,2024,September,253,56
2024-09-10,2024,September,254,55
2024-09-11,2024,September,255,62
2024-09-12,2024,September,256,58
2024-09-13,2024,September,257,53
2024-09-14,2024,September,258,51
2024-09-15,2024,September,259,50
2024-09-16,2024,September,260,47
2024-09-17,2024,September,261,51
2024-09-18,2024,September,262,49
2024-09-19,2024,September,263,72
2024-09-20,2024,September,264,92
2024-09-21,2024,September,265,63
2024-09-22,2024,September,266,56
2024-09-23,2024,September,267,51
2024-09-24,2024,September,268,59
2024-09-25,2024,September,269,58
2024-09-26,2024,September,270,56
2024-09-27,2024,September,271,67
2024-09-28,2024,September,272,72
2024-09-29,2024,September,273,51
2024-09-30,2024,September,274,44
2024-10-01,2024,October,275,46
2024-10-02,2024,October,276,55
2024-10-03,2024,October,277,52
2024-10-04,2024,October,278,69
2024-10-05,2024,October,279,58
2024-10-06,2024,October,280,70
2024-10-07,2024,October,281,51
2024-10-08,2024,October,282,44
2024-10-09,2024,October,283,35
2024-10-10,2024,October,284,37
2024-10-11,2024,October,285,51
2024-10-12,2024,October,286,30
2024-10-13,2024,October,287,30
2024-10-14,2024,October,288,36
2024-10-15,2024,October,289,45
2024-10-16,2024,October,290,50
2024-10-17,2024,October,291,43
2024-10-18,2024,October,292,66
2024-10-19,2024,October,293,64
2024-10-20,2024,October,294,51
2024-10-21,2024,October,295,44
2024-10-22,2024,October,296,55
2024-10-23,2024,October,297,69
2024-10-24,2024,October,298,102
2024-10-25,2024,October,299,102
2024-10-26,2024,October,300,92
2024-10-27,2024,October,301,119
2024-10-28,2024,October,302,131
2024-10-29,2024,October,303,90
2024-10-30,2024,October,304,117
2024-10-31,2024,October,305,213
2024-11-01,2024,November,306,142
2024-11-02,2024,November,307,71
2024-11-03,2024,November,308,72
2024-11-04,2024,November,309,56
2024-11-05,2024,November,310,90
2024-11-06,2024,November,311,107
2024-11-07,2024,November,312,51
2024-11-08,2024,November,313,50
2024-11-09,2024,November,314,57
2024-11-10,2024,November,315,85
2024-11-11,2024,November,316,99
2024-11-12,2024,November,317,60
2024-11-13,2024,November,318,42
2024-11-14,2024,November,319,44
2024-11-15,2024,November,320,45
2024-11-16,2024,November,321,53
2024-11-17,2024,November,322,124
2024-11-18,2024,November,323,124
2024-11-19,2024,November,324,126
2024-11-20,2024,November,325,112
2024-11-21,2024,November,326,114
2024-11-22,2024,November,327,134
2024-11-23,2024,November,328,138
2024-11-24,2024,November,329,88
2024-11-25,2024,November,330,114
2024-11-26,2024,November,331,129
2024-11-27,2024,November,332,133
2024-11-28,2024,November,333,134
2024-11-29,2024,November,334,103
2024-11-30,2024,November,335,64
2024-12-01,2024,December,336,24
2024-12-02,2024,December,337,40
2024-12-03,2024,December,338,53
2024-12-04,2024,December,339,45
2024-12-05,2024,December,340,38
2024-12-06,2024,December,341,56
2024-12-07,2024,December,342,44
2024-12-08,2024,December,343,49
2024-12-09,2024,December,344,75
2024-12-10,2024,December,345,89
2024-12-11,2024,December,346,76
2024-12-12,2024,December,347,46
2024-12-13,2024,December,348,80
2024-12-14,2024,December,349,96
2024-12-15,2024,December,350,81
2024-12-16,2024,December,351,99
2024-12-17,2024,December,352,97
2024-12-18,2024,December,353,120
2024-12-19,2024,December,354,85
2024-12-20,2024,December,355,47
2024-12-21,2024,December,356,50
2024-12-22,2024,December,357,41
2024-12-23,2024,December,358,46
2024-12-24,2024,December,359,39
2024-12-25,2024,December,360,44
2024-12-26,2024,December,361,41
2024-12-27,2024,December,362,36
2024-12-28,2024,December,363,55
2024-12-29,2024,December,364,79
2024-12-30,2024,December,365,96
2024-12-31,2024,December,366,104
2025-01-01,2025,January,1,148
2025-01-02,2025,January,2,113
2025-01-03,2025,January,3,114
2025-01-04,2025,January,4,152
2025-01-05,2025,January,5,152
2025-01-06,2025,January,6,151
2025-01-07,2025,January,7,144
2025-01-08,2025,January,8,121
2025-01-09,2025,January,9,120
2025-01-10,2025,January,10,121
2025-01-11,2025,January,11,73
2025-01-12,2025,January,12,79
2025-01-13,2025,January,13,99
2025-01-14,2025,January,14,50
2025-01-15,2025,January,15,36
2025-01-16,2025,January,16,70
2025-01-17,2025,January,17,122
2025-01-18,2025,January,18,108
2025-01-19,2025,January,19,61
2025-01-20,2025,January,20,83
2025-01-21,2025,January,21,112
2025-01-22,2025,January,22,110
2025-01-23,2025,January,23,93
2025-01-24,2025,January,24,62
2025-01-25,2025,January,25,76
2025-01-26,2025,January,26,67
2025-01-27,2025,January,27,73
2025-01-28,2025,January,28,107
2025-01-29,2025,January,29,135
2025-01-30,2025,January,30,106
2025-01-31,2025,January,31,69
2025-02-01,2025,February,32,56
2025-02-02,2025,February,33,60
2025-02-03,2025,February,34,63
2025-02-04,2025,February,35,76
2025-02-05,2025,February,36,87
2025-02-06,2025,February,37,88
2025-02-07,2025,February,38,122
2025-02-08,2025,February,39,128
2025-02-09,2025,February,40,104
2025-02-10,2025,February,41,118
2025-02-11,2025,February,42,103
2025-02-12,2025,February,43,91
2025-02-13,2025,February,44,83
2025-02-14,2025,February,45,65
2025-02-15,2025,February,46,70
2025-02-16,2025,February,47,68
2025-02-17,2025,February,48,82
2025-02-18,2025,February,49,104
2025-02-19,2025,February,50,92
2025-02-20,2025,February,51,72
2025-02-21,2025,February,52,68
2025-02-22,2025,February,53,70
2025-02-23,2025,February,54,63
2025-02-24,2025,February,55,71
2025-02-25,2025,February,56,70
2025-02-26,2025,February,57,88
2025-02-27,2025,February,58,85
2025-02-28,2025,February,59,81
2025-03-01,2025,March,60,65
2025-03-02,2025,March,61,46
2025-03-03,2025,March,62,58
2025-03-04,2025,March,63,50
2025-03-05,2025,March,64,54
2025-03-06,2025,March,65,64
2025-03-07,2025,March,66,134
2025-03-08,2025,March,67,101
2025-03-09,2025,March,68,84
2025-03-10,2025,March,69,56
2025-03-11,2025,March,70,62
2025-03-12,2025,March,71,77
2025-03-13,2025,March,72,77
2025-03-14,2025,March,73,55
2025-03-15,2025,March,74,41
2025-03-16,2025,March,75,51
2025-03-17,2025,March,76,55
2025-03-18,2025,March,77,49
2025-03-19,2025,March,78,41
2025-03-20,2025,March,79,46
2025-03-21,2025,March,80,46
2025-03-22,2025,March,81,52
2025-03-23,2025,March,82,52
2025-03-24,2025,March,83,64
2025-03-25,2025,March,84,66
2025-03-26,2025,March,85,70
2025-03-27,2025,March,86,77
2025-03-28,2025,March,87,93
2025-03-29,2025,March,88,66
2025-03-30,2025,March,89,67
2025-03-31,2025,March,90,66